	Bonferroni	fdr_bh	fdr_by	subtype
41_L	2.354619306137127e-44	2.354619306137127e-45	1.8160012865420166e-44	C
41_N	1.0	0.9972972217669537	1.0	C
41_I	1.0	1.0	1.0	C
41_T	1.0	0.9972972217669537	1.0	C
41_R	1.0	1.0	1.0	C
41_V	1.0	1.0	1.0	C
42_G	1.0	0.7911477528958162	1.0	C
42_D	1.0	1.0	1.0	C
42_K	1.0	1.0	1.0	C
43_R	1.0	1.0	1.0	C
43_E	1.0	1.0	1.0	C
43_N	1.0	1.0	1.0	C
43_Q	1.0	1.0	1.0	C
43_M	1.0	1.0	1.0	C
43_T	1.0	1.0	1.0	C
43_D	1.0	1.0	1.0	C
44_D	0.00452490963976039	8.872371842667432e-05	0.000684282110444264	C
44_K	1.0	1.0	1.0	C
44_G	1.0	1.0	1.0	C
44_A	1.0	0.9972972217669537	1.0	C
44_R	1.0	1.0	1.0	C
45_E	1.0	1.0	1.0	C
45_R	1.0	0.042240137063164644	0.32577726280628244	C
45_K	1.0	1.0	1.0	C
45_W	1.0	1.0	1.0	C
45_D	1.0	1.0	1.0	C
46_E	1.0	1.0	1.0	C
46_Q	1.0	1.0	1.0	C
46_R	1.0	1.0	1.0	C
46_T	1.0	1.0	1.0	C
46_M	1.0	1.0	1.0	C
46_I	1.0	1.0	1.0	C
46_N	1.0	1.0	1.0	C
47_L	1.0	0.7020013570416075	1.0	C
47_N	1.0	1.0	1.0	C
47_S	1.0	0.9972972217669537	1.0	C
47_F	1.0	1.0	1.0	C
47_V	1.0	1.0	1.0	C
47_T	1.0	1.0	1.0	C
47_D	1.0	1.0	1.0	C
47_K	1.0	0.9972972217669537	1.0	C
48_E	1.0	0.06527193200700043	0.5034100934739074	C
48_Q	1.0	1.0	1.0	C
48_G	1.0	1.0	1.0	C
48_P	1.0	1.0	1.0	C
48_F	1.0	0.9972972217669537	1.0	C
48_L	1.0	1.0	1.0	C
48_A	1.0	1.0	1.0	C
48_I	1.0	1.0	1.0	C
48_K	1.0	1.0	1.0	C
48_Y	1.0	1.0	1.0	C
49_R	1.0	0.8672655722478396	1.0	C
49_E	1.0	0.2702937300828456	1.0	C
49_Q	1.0	0.5682540471825392	1.0	C
49_T	1.0	1.0	1.0	C
49_Y	1.0	0.9972972217669537	1.0	C
50_V	1.0	0.9972972217669537	1.0	C
50_L	1.0	1.0	1.0	C
50_M	1.0	1.0	1.0	C
50_F	1.0	1.0	1.0	C
50_N	1.0	1.0	1.0	C
50_A	1.0	0.5779310800923609	1.0	C
50_T	1.0	1.0	1.0	C
51_R	1.0	1.0	1.0	C
51_W	1.0	1.0	1.0	C
51_A	1.0	1.0	1.0	C
52_A	1.0	1.0	1.0	C
52_H	1.0	1.0	1.0	C
52_R	1.0	1.0	1.0	C
52_N	1.0	1.0	1.0	C
52_S	1.0	1.0	1.0	C
52_L	1.0	1.0	1.0	C
53_D	1.0	0.6213269013829645	1.0	C
53_Q	1.0	0.5682540471825392	1.0	C
53_K	1.0	1.0	1.0	C
53_R	1.0	1.0	1.0	C
53_V	1.0	1.0	1.0	C
53_A	1.0	0.5779310800923609	1.0	C
53_N	1.0	0.9972972217669537	1.0	C
53_M	1.0	0.9972972217669537	1.0	C
53_G	1.0	1.0	1.0	C
54_I	1.0	1.0	1.0	C
54_Y	1.0	1.0	1.0	C
54_K	1.0	1.0	1.0	C
54_D	1.0	0.9972972217669537	1.0	C
55_A	1.0	1.0	1.0	C
55_S	1.0	1.0	1.0	C
55_E	1.0	1.0	1.0	C
55_T	1.0	1.0	1.0	C
55_G	1.0	1.0	1.0	C
55_Q	1.0	0.9972972217669537	1.0	C
55_I	1.0	0.9972972217669537	1.0	C
56_H	1.0	1.0	1.0	C
56_S	1.0	0.9972972217669537	1.0	C
56_F	1.0	1.0	1.0	C
56_N	1.0	0.9972972217669537	1.0	C
56_C	1.0	1.0	1.0	C
57_K	1.0	1.0	1.0	C
57_S	1.0	1.0	1.0	C
57_T	1.0	1.0	1.0	C
57_H	1.0	1.0	1.0	C
57_Y	1.0	0.28024917187177506	1.0	C
58_P	1.0	1.0	1.0	C
58_A	1.0	1.0	1.0	C
58_N	1.0	0.9972972217669537	1.0	C
58_R	1.0	1.0	1.0	C
58_L	1.0	0.9972972217669537	1.0	C
58_I	1.0	0.9972972217669537	1.0	C
58_S	1.0	0.9972972217669537	1.0	C
59_S	1.0	0.9972972217669537	1.0	C
59_T	1.0	1.0	1.0	C
60_I	1.0	1.0	1.0	C
60_A	1.0	0.9972972217669537	1.0	C
60_E	1.0	0.9972972217669537	1.0	C
60_K	1.0	0.9972972217669537	1.0	C
61_C	1.0	1.0	1.0	C
61_A	1.0	1.0	1.0	C
61_L	1.0	1.0	1.0	C
61_K	1.0	0.9972972217669537	1.0	C
62_V	4.452131131639353e-08	1.436171332786888e-09	1.1076478398176622e-08	C
62_T	1.0	0.9972972217669537	1.0	C
62_C	1.0	1.0	1.0	C
62_S	1.0	1.0	1.0	C
62_P	1.0	1.0	1.0	C
62_D	1.0	0.9972972217669537	1.0	C
63_N	1.0	1.0	1.0	C
63_L	1.0	1.0	1.0	C
63_V	1.0	1.0	1.0	C
63_K	1.0	1.0	1.0	C
63_Q	1.0	1.0	1.0	C
64_R	1.0	1.0	1.0	C
64_N	1.0	0.2702937300828456	1.0	C
64_H	1.0	0.2702937300828456	1.0	C
64_Y	0.5698018907656658	0.008766182934856396	0.06760922857580096	C
64_Q	1.0	1.0	1.0	C
65_R	2.5559264798703294e-83	5.111852959740659e-84	3.942519084637976e-83	C
65_E	1.0	1.0	1.0	C
65_N	1.0	0.9972972217669537	1.0	C
65_G	1.0	1.0	1.0	C
66_N	1.0	1.0	1.0	C
66_E	1.0	1.0	1.0	C
66_R	1.0	1.0	1.0	C
66_Q	1.0	0.9972972217669537	1.0	C
66_del	1.0	0.9972972217669537	1.0	C
67_E	1.0	0.9972972217669537	1.0	C
67_N	2.4048514252988534e-82	4.008085708831423e-83	3.091238054847004e-82	C
67_G	1.0	0.09034721940392833	0.6968033696376761	C
67_M	1.0	1.0	1.0	C
67_T	1.0	0.5779310800923609	1.0	C
67_del	1.0	1.0	1.0	C
67_H	1.0	1.0	1.0	C
67_Q	1.0	1.0	1.0	C
67_V	1.0	1.0	1.0	C
67_S	1.0	0.9972972217669537	1.0	C
67_A	1.0	1.0	1.0	C
67_F	1.0	1.0	1.0	C
67_I	1.0	0.9972972217669537	1.0	C
68_G	0.6456581878353985	0.009782699815687856	0.0754491199695824	C
68_T	1.0	1.0	1.0	C
68_K	1.0	0.029372358812493435	0.2265344603827665	C
68_N	1.0	0.5779310800923609	1.0	C
68_R	1.0	0.2702937300828456	1.0	C
69_N	0.0002521161692538834	5.984597052854147e-06	4.615623391472255e-05	C
69_D	0.11898898997025971	0.0019831498328376617	0.015295052743566703	C
69_S	1.0	0.8603680130918453	1.0	C
69_A	1.0	1.0	1.0	C
69_G	1.0	1.0	1.0	C
69_I	1.0	1.0	1.0	C
69_E	1.0	1.0	1.0	C
69_V	1.0	1.0	1.0	C
69_P	1.0	1.0	1.0	C
69_del	1.0	0.029372358812493435	0.2265344603827665	C
70_R	5.506796921977786e-61	6.883496152472231e-62	5.308899759810515e-61	C
70_S	1.0	1.0	1.0	C
70_I	1.0	1.0	1.0	C
70_T	1.0	0.2702937300828456	1.0	C
70_Q	1.0	0.9972972217669537	1.0	C
70_G	1.0	0.9972972217669537	1.0	C
70_N	1.0	0.9972972217669537	1.0	C
70_E	0.02762297210236343	0.0005211881528747816	0.004019666167197986	C
70_A	1.0	1.0	1.0	C
70_del	1.0	1.0	1.0	C
71_L	1.0	1.0	1.0	C
71_V	1.0	1.0	1.0	C
71_G	1.0	1.0	1.0	C
71_C	1.0	1.0	1.0	C
72_K	1.0	1.0	1.0	C
72_G	1.0	1.0	1.0	C
72_E	1.0	1.0	1.0	C
72_S	1.0	1.0	1.0	C
72_T	1.0	1.0	1.0	C
73_Q	1.0	1.0	1.0	C
73_R	1.0	1.0	1.0	C
73_E	1.0	1.0	1.0	C
73_N	1.0	1.0	1.0	C
73_M	1.0	1.0	1.0	C
74_V	5.206425375188536e-34	4.7331139774441235e-35	3.650416460098437e-34	C
74_I	0.0007410365878002378	1.523508997434573e-05	0.00011750070562100441	C
74_S	1.0	1.0	1.0	C
75_A	1.0	0.5779310800923609	1.0	C
75_M	0.0002193962969435557	5.351129193745261e-06	4.127060996639941e-05	C
75_I	0.0007465194087429407	1.523508997434573e-05	0.00011750070562100441	C
75_del	1.0	1.0	1.0	C
75_T	0.15788722781522657	0.0025883152100856814	0.019962393662706718	C
75_L	1.0	0.5779310800923609	1.0	C
75_S	1.0	1.0	1.0	C
76_Y	1.0	1.0	1.0	C
76_R	1.0	1.0	1.0	C
76_del	1.0	1.0	1.0	C
76_N	1.0	1.0	1.0	C
76_E	1.0	1.0	1.0	C
77_I	1.0	1.0	1.0	C
77_del	1.0	1.0	1.0	C
77_L	1.0	0.029372358812493435	0.2265344603827665	C
77_S	1.0	1.0	1.0	C
78_K	1.0	1.0	1.0	C
78_Q	1.0	1.0	1.0	C
78_del	1.0	1.0	1.0	C
78_S	1.0	1.0	1.0	C
78_G	1.0	1.0	1.0	C
79_D	1.0	1.0	1.0	C
79_K	1.0	1.0	1.0	C
79_G	1.0	1.0	1.0	C
79_Q	1.0	1.0	1.0	C
79_V	1.0	1.0	1.0	C
79_R	1.0	0.9972972217669537	1.0	C
81_S	1.0	1.0	1.0	C
81_K	1.0	1.0	1.0	C
81_Y	1.0	1.0	1.0	C
81_T	1.0	1.0	1.0	C
82_R	1.0	0.9972972217669537	1.0	C
82_N	1.0	1.0	1.0	C
83_K	1.0	1.0	1.0	C
83_E	1.0	1.0	1.0	C
83_G	1.0	1.0	1.0	C
83_I	1.0	1.0	1.0	C
83_S	1.0	1.0	1.0	C
84_A	1.0	1.0	1.0	C
84_H	1.0	1.0	1.0	C
84_S	1.0	1.0	1.0	C
84_I	1.0	1.0	1.0	C
85_R	1.0	1.0	1.0	C
85_S	1.0	1.0	1.0	C
85_L	1.0	0.9972972217669537	1.0	C
86_E	1.0	1.0	1.0	C
86_N	1.0	1.0	1.0	C
86_A	1.0	1.0	1.0	C
86_T	1.0	1.0	1.0	C
86_H	1.0	1.0	1.0	C
86_R	1.0	0.9972972217669537	1.0	C
87_L	1.0	1.0	1.0	C
87_M	1.0	1.0	1.0	C
87_V	1.0	1.0	1.0	C
87_S	1.0	1.0	1.0	C
88_C	1.0	0.5544488278379399	1.0	C
88_S	0.5521068157901682	0.008626668996721378	0.06653322664851115	C
88_F	1.0	1.0	1.0	C
88_L	1.0	1.0	1.0	C
88_G	1.0	1.0	1.0	C
88_R	1.0	0.9972972217669537	1.0	C
89_V	1.0	1.0	1.0	C
89_R	1.0	1.0	1.0	C
89_D	1.0	1.0	1.0	C
89_K	1.0	0.9972972217669537	1.0	C
89_Q	1.0	0.9972972217669537	1.0	C
90_I	1.878452423491002e-06	5.367006924260006e-08	4.139306704031786e-07	C
90_L	1.0	1.0	1.0	C
90_T	1.0	1.0	1.0	C
90_S	1.0	1.0	1.0	C
91_S	1.0	1.0	1.0	C
91_P	1.0	1.0	1.0	C
91_N	1.0	1.0	1.0	C
91_H	1.0	1.0	1.0	C
92_I	1.0	1.0	1.0	C
92_S	1.0	1.0	1.0	C
92_F	1.0	1.0	1.0	C
93_E	1.0	1.0	1.0	C
93_V	1.0	1.0	1.0	C
93_R	1.0	1.0	1.0	C
94_L	1.0	0.11161624997555049	0.8608408715000597	C
94_Y	1.0	1.0	1.0	C
94_K	1.0	1.0	1.0	C
94_T	1.0	1.0	1.0	C
96_N	1.0	1.0	1.0	C
96_K	1.0	1.0	1.0	C
96_S	1.0	1.0	1.0	C
96_L	1.0	1.0	1.0	C
96_D	1.0	1.0	1.0	C
96_Q	1.0	0.9972972217669537	1.0	C
97_S	1.0	1.0	1.0	C
97_A	1.0	1.0	1.0	C
97_H	1.0	1.0	1.0	C
97_T	1.0	1.0	1.0	C
98_S	1.0	1.0	1.0	C
98_G	4.5805875914967136e-12	1.7617644582679665e-13	1.3587616964066052e-12	C
98_T	1.0	1.0	1.0	C
98_R	1.0	1.0	1.0	C
98_V	1.0	1.0	1.0	C
98_Q	1.0	1.0	1.0	C
98_P	1.0	1.0	1.0	C
98_C	1.0	1.0	1.0	C
98_L	1.0	1.0	1.0	C
99_R	1.0	1.0	1.0	C
99_V	1.0	1.0	1.0	C
99_K	1.0	1.0	1.0	C
100_F	1.0	1.0	1.0	C
100_I	2.381823474545933e-10	8.38302794622435e-12	6.465414386003728e-11	C
100_V	1.0	1.0	1.0	C
101_R	1.0	0.3087346754619376	1.0	C
101_Q	1.0	0.03216589516126006	0.24807962307696313	C
101_A	1.0	1.0	1.0	C
101_H	1.0	0.5682540471825392	1.0	C
101_E	1.625560495110151e-32	1.3546337459251258e-33	1.0447619362422719e-32	C
101_I	1.0	0.9972972217669537	1.0	C
101_P	0.0437427606776776	0.0007541855289254759	0.005816659564670508	C
101_N	1.0	0.044759277024362096	0.34520614202505984	C
101_V	1.0	1.0	1.0	C
101_D	1.0	1.0	1.0	C
101_T	1.0	1.0	1.0	C
101_G	1.0	0.9972972217669537	1.0	C
101_S	1.0	0.9972972217669537	1.0	C
102_Q	1.0	1.0	1.0	C
102_R	1.0	0.05835110614370378	0.45003319029927574	C
102_E	1.0	1.0	1.0	C
102_M	1.0	0.2702937300828456	1.0	C
102_L	1.0	1.0	1.0	C
102_G	1.0	1.0	1.0	C
102_N	1.0	0.9972972217669537	1.0	C
102_H	1.0	0.9972972217669537	1.0	C
103_N	3.011115591656287e-167	1.5055577958281435e-167	1.1611621832289711e-166	C
103_Q	1.0	1.0	1.0	C
103_R	1.0	1.0	1.0	C
103_S	1.9316562705582029e-07	5.681341972230009e-09	4.381737762857704e-08	C
103_M	1.0	1.0	1.0	C
103_E	1.0	1.0	1.0	C
103_T	1.0	0.5779310800923609	1.0	C
103_H	1.0	0.9972972217669537	1.0	C
104_R	1.0	1.0	1.0	C
104_Q	1.0	1.0	1.0	C
104_N	1.0	0.8664744700226826	1.0	C
104_T	1.0	0.5779310800923609	1.0	C
104_I	1.0	1.0	1.0	C
104_A	1.0	1.0	1.0	C
104_L	1.0	1.0	1.0	C
104_S	1.0	1.0	1.0	C
104_H	1.0	1.0	1.0	C
104_E	1.0	1.0	1.0	C
105_A	1.0	0.9972972217669537	1.0	C
105_L	1.0	1.0	1.0	C
105_Q	1.0	1.0	1.0	C
105_T	1.0	0.9972972217669537	1.0	C
106_I	1.0	0.8603680130918453	1.0	C
106_M	6.339237955497688e-120	2.1130793184992297e-120	1.6297134534479397e-119	C
106_L	1.0	0.9972972217669537	1.0	C
106_A	1.0099064596654598e-07	3.0603226050468473e-09	2.3602752994988963e-08	C
107_S	1.0	1.0	1.0	C
107_K	1.0	1.0	1.0	C
107_A	1.0	1.0	1.0	C
108_I	9.04060834231144e-22	5.0225601901730216e-23	3.873651992623958e-22	C
108_E	1.0	1.0	1.0	C
108_Y	1.0	1.0	1.0	C
108_S	1.0	1.0	1.0	C
108_L	1.0	1.0	1.0	C
108_D	1.0	0.9972972217669537	1.0	C
109_I	1.0	1.0	1.0	C
109_M	1.0	1.0	1.0	C
109_V	1.0	1.0	1.0	C
109_T	1.0	1.0	1.0	C
109_Q	1.0	0.9972972217669537	1.0	C
110_N	1.0	0.5779310800923609	1.0	C
110_V	1.0	0.9972972217669537	1.0	C
111_I	1.0	0.4589813265593847	1.0	C
111_L	1.0	1.0	1.0	C
111_G	1.0	1.0	1.0	C
111_E	1.0	1.0	1.0	C
111_A	1.0	1.0	1.0	C
111_M	1.0	0.9972972217669537	1.0	C
112_A	1.0	1.0	1.0	C
112_R	1.0	1.0	1.0	C
112_V	1.0	1.0	1.0	C
112_S	1.0	1.0	1.0	C
112_K	1.0	1.0	1.0	C
113_E	1.0	1.0	1.0	C
113_I	1.0	1.0	1.0	C
113_N	1.0	0.5779310800923609	1.0	C
113_Y	1.0	1.0	1.0	C
113_H	1.0	1.0	1.0	C
114_V	1.0	0.9972972217669537	1.0	C
114_G	1.0	1.0	1.0	C
114_E	1.0	1.0	1.0	C
115_F	2.0940482310963643e-28	1.4957487364974027e-29	1.1535969414431913e-28	C
115_H	1.0	1.0	1.0	C
115_N	1.0	1.0	1.0	C
116_S	1.0	1.0	1.0	C
116_Y	0.00012645363167704677	3.1613407919261695e-06	2.4381856253247504e-05	C
116_L	1.0	1.0	1.0	C
116_H	1.0	1.0	1.0	C
116_I	1.0	0.9972972217669537	1.0	C
117_L	1.0	1.0	1.0	C
117_Q	1.0	1.0	1.0	C
117_F	1.0	1.0	1.0	C
117_A	1.0	0.9972972217669537	1.0	C
118_I	1.0	1.0	1.0	C
118_C	1.0	0.4589813265593847	1.0	C
118_M	1.0	1.0	1.0	C
118_F	1.0	1.0	1.0	C
118_G	1.0	1.0	1.0	C
119_S	1.0	1.0	1.0	C
119_A	1.0	0.9972972217669537	1.0	C
120_S	1.0	1.0	1.0	C
120_I	1.0	1.0	1.0	C
121_Y	1.0	1.0	1.0	C
121_H	1.0	1.0	1.0	C
121_C	1.0	1.0	1.0	C
121_E	1.0	1.0	1.0	C
121_A	1.0	1.0	1.0	C
121_W	1.0	1.0	1.0	C
121_F	1.0	1.0	1.0	C
121_N	1.0	0.8923672379662598	1.0	C
121_I	1.0	1.0	1.0	C
121_R	1.0	1.0	1.0	C
121_Q	1.0	1.0	1.0	C
121_T	1.0	1.0	1.0	C
121_G	1.0	1.0	1.0	C
122_P	1.0	0.9972972217669537	1.0	C
122_Q	1.0	0.9972972217669537	1.0	C
122_I	1.0	1.0	1.0	C
122_N	1.0	1.0	1.0	C
122_A	1.0	1.0	1.0	C
122_R	1.0	1.0	1.0	C
122_V	1.0	1.0	1.0	C
122_T	1.0	1.0	1.0	C
122_D	1.0	1.0	1.0	C
122_G	1.0	1.0	1.0	C
122_S	1.0	1.0	1.0	C
122_M	1.0	1.0	1.0	C
123_E	1.0	0.2702937300828456	1.0	C
123_N	1.0	0.32303194119989265	1.0	C
123_S	1.0	0.34890373409582986	1.0	C
123_T	1.0	1.0	1.0	C
123_A	1.0	1.0	1.0	C
123_K	1.0	1.0	1.0	C
123_Q	1.0	1.0	1.0	C
123_P	1.0	1.0	1.0	C
123_R	1.0	1.0	1.0	C
123_H	1.0	1.0	1.0	C
124_I	1.0	1.0	1.0	C
124_L	1.0	1.0	1.0	C
125_K	1.0	1.0	1.0	C
125_Q	1.0	1.0	1.0	C
125_G	1.0	1.0	1.0	C
125_S	1.0	1.0	1.0	C
125_W	1.0	1.0	1.0	C
126_R	1.0	0.9972972217669537	1.0	C
126_Q	1.0	1.0	1.0	C
126_T	1.0	1.0	1.0	C
126_N	1.0	1.0	1.0	C
126_S	1.0	1.0	1.0	C
126_I	1.0	0.9972972217669537	1.0	C
127_F	1.0	1.0	1.0	C
127_D	1.0	1.0	1.0	C
127_S	1.0	1.0	1.0	C
127_H	1.0	1.0	1.0	C
127_A	1.0	1.0	1.0	C
128_N	1.0	1.0	1.0	C
128_S	1.0	0.9972972217669537	1.0	C
128_P	1.0	1.0	1.0	C
129_T	1.0	1.0	1.0	C
129_S	1.0	1.0	1.0	C
129_G	1.0	0.9972972217669537	1.0	C
130_L	1.0	0.9972972217669537	1.0	C
130_Y	1.0	1.0	1.0	C
130_C	1.0	1.0	1.0	C
130_I	1.0	1.0	1.0	C
130_S	1.0	1.0	1.0	C
130_V	1.0	1.0	1.0	C
131_P	1.0	1.0	1.0	C
131_I	1.0	1.0	1.0	C
131_S	1.0	1.0	1.0	C
131_del	1.0	1.0	1.0	C
132_V	1.0	1.0	1.0	C
132_L	1.0	0.09973971292183223	0.7692430216353213	C
132_Y	1.0	1.0	1.0	C
132_K	1.0	0.9972972217669537	1.0	C
132_M	1.0	1.0	1.0	C
132_del	1.0	1.0	1.0	C
133_H	1.0	0.9972972217669537	1.0	C
133_L	1.0	1.0	1.0	C
133_del	1.0	1.0	1.0	C
133_S	1.0	1.0	1.0	C
134_R	1.0	1.0	1.0	C
134_C	1.0	1.0	1.0	C
134_N	1.0	1.0	1.0	C
134_V	1.0	1.0	1.0	C
134_T	1.0	1.0	1.0	C
134_I	1.0	1.0	1.0	C
134_G	1.0	0.8923672379662598	1.0	C
134_del	1.0	1.0	1.0	C
135_T	1.0	1.0	1.0	C
135_R	1.0	1.0	1.0	C
135_V	1.0	1.0	1.0	C
135_L	1.7079545293416007e-08	5.693181764472002e-10	4.39086920839024e-09	C
135_M	0.0038568052384429265	7.713610476885852e-05	0.000594912583677461	C
135_K	1.0	1.0	1.0	C
135_A	1.0	1.0	1.0	C
135_Y	1.0	1.0	1.0	C
135_P	1.0	0.9972972217669537	1.0	C
135_S	1.0	1.0	1.0	C
135_del	1.0	1.0	1.0	C
136_I	1.0	1.0	1.0	C
136_H	1.0	1.0	1.0	C
136_S	1.0	1.0	1.0	C
136_T	1.0	0.5779310800923609	1.0	C
136_Y	1.0	1.0	1.0	C
136_D	1.0	1.0	1.0	C
136_K	1.0	1.0	1.0	C
136_del	1.0	1.0	1.0	C
137_S	1.0	1.0	1.0	C
137_T	1.0	1.0	1.0	C
137_K	1.0	1.0	1.0	C
137_H	1.0	0.9972972217669537	1.0	C
137_D	1.0	1.0	1.0	C
137_Y	1.0	1.0	1.0	C
137_del	1.0	1.0	1.0	C
138_A	1.0	0.8860240118471606	1.0	C
138_S	1.0	0.9702375882058434	1.0	C
138_K	0.015965017174675092	0.0003070195610514441	0.0023678898597738647	C
138_G	1.0	0.04963560416671681	0.3828148388578556	C
138_M	1.0	1.0	1.0	C
138_Q	1.0	0.6248936380017761	1.0	C
138_D	1.0	1.0	1.0	C
138_T	1.0	1.0	1.0	C
138_R	1.0	0.9972972217669537	1.0	C
138_H	1.0	1.0	1.0	C
138_V	1.0	1.0	1.0	C
138_del	1.0	1.0	1.0	C
138_I	1.0	0.9972972217669537	1.0	C
139_A	1.0	1.0	1.0	C
139_K	3.4823271416955956e-05	9.170986007632965e-07	7.073127424595397e-06	C
139_L	1.0	1.0	1.0	C
139_S	1.0	1.0	1.0	C
139_R	1.0	0.3645555953536881	1.0	C
139_V	1.0	1.0	1.0	C
139_M	1.0	1.0	1.0	C
139_I	1.0	1.0	1.0	C
139_H	1.0	1.0	1.0	C
139_E	1.0	1.0	1.0	C
139_Q	1.0	0.36895269803897496	1.0	C
139_P	1.0	1.0	1.0	C
139_del	1.0	0.9972972217669537	1.0	C
140_R	1.0	1.0	1.0	C
140_Q	1.0	1.0	1.0	C
140_T	1.0	1.0	1.0	C
140_del	1.0	0.9972972217669537	1.0	C
141_R	1.0	0.9972972217669537	1.0	C
141_E	1.0	0.9972972217669537	1.0	C
141_K	1.0	1.0	1.0	C
141_del	1.0	1.0	1.0	C
142_V	1.0	0.25904724547933666	1.0	C
142_T	1.0	0.5779310800923609	1.0	C
142_M	1.0	1.0	1.0	C
142_L	1.0	1.0	1.0	C
142_K	1.0	1.0	1.0	C
142_S	1.0	1.0	1.0	C
142_N	1.0	1.0	1.0	C
142_F	1.0	1.0	1.0	C
142_R	1.0	1.0	1.0	C
142_A	1.0	1.0	1.0	C
142_Q	1.0	0.5779310800923609	1.0	C
142_C	1.0	1.0	1.0	C
142_E	1.0	0.9972972217669537	1.0	C
142_D	1.0	1.0	1.0	C
143_K	1.0	1.0	1.0	C
143_G	1.0	1.0	1.0	C
143_I	1.0	1.0	1.0	C
143_T	1.0	1.0	1.0	C
143_D	1.0	1.0	1.0	C
143_Q	1.0	1.0	1.0	C
143_del	1.0	1.0	1.0	C
143_S	1.0	0.9972972217669537	1.0	C
144_F	1.0	1.0	1.0	C
144_S	1.0	1.0	1.0	C
144_N	1.0	0.9972972217669537	1.0	C
144_del	1.0	1.0	1.0	C
145_S	1.0	1.0	1.0	C
145_C	1.0	1.0	1.0	C
145_E	1.0	1.0	1.0	C
145_V	1.0	1.0	1.0	C
145_H	1.0	1.0	1.0	C
145_M	1.0	0.5779310800923609	1.0	C
145_I	1.0	1.0	1.0	C
145_L	1.0	1.0	1.0	C
145_R	1.0	1.0	1.0	C
145_A	1.0	1.0	1.0	C
145_K	1.0	0.9972972217669537	1.0	C
145_del	1.0	0.5779310800923609	1.0	C
146_V	1.0	1.0	1.0	C
146_S	1.0	1.0	1.0	C
146_C	1.0	1.0	1.0	C
146_F	1.0	1.0	1.0	C
146_D	1.0	1.0	1.0	C
146_del	1.0	0.5779310800923609	1.0	C
146_P	1.0	1.0	1.0	C
147_T	1.0	1.0	1.0	C
147_H	1.0	1.0	1.0	C
147_I	1.0	1.0	1.0	C
147_D	1.0	1.0	1.0	C
147_K	1.0	0.9972972217669537	1.0	C
147_Y	1.0	1.0	1.0	C
147_del	1.0	0.5779310800923609	1.0	C
148_C	1.0	1.0	1.0	C
148_G	1.0	0.5779310800923609	1.0	C
148_L	1.0	1.0	1.0	C
148_S	1.0	1.0	1.0	C
148_A	1.0	0.9972972217669537	1.0	C
148_del	1.0	0.5779310800923609	1.0	C
148_E	1.0	1.0	1.0	C
149_A	1.0	1.0	1.0	C
149_M	1.0	1.0	1.0	C
149_V	1.0	1.0	1.0	C
149_F	1.0	1.0	1.0	C
149_I	1.0	1.0	1.0	C
149_P	1.0	1.0	1.0	C
149_T	1.0	1.0	1.0	C
149_del	1.0	0.5779310800923609	1.0	C
149_H	1.0	1.0	1.0	C
150_S	1.0	1.0	1.0	C
150_A	1.0	1.0	1.0	C
150_T	1.0	1.0	1.0	C
150_R	1.0	1.0	1.0	C
150_H	1.0	1.0	1.0	C
150_Q	1.0	1.0	1.0	C
150_del	1.0	0.5779310800923609	1.0	C
151_T	1.0	0.9972972217669537	1.0	C
151_H	1.0	1.0	1.0	C
151_M	3.4849746829005266e-05	9.170986007632965e-07	7.073127424595397e-06	C
151_R	1.0	1.0	1.0	C
151_E	1.0	1.0	1.0	C
151_P	1.0	1.0	1.0	C
151_del	1.0	0.5779310800923609	1.0	C
152_E	1.0	1.0	1.0	C
152_V	1.0	1.0	1.0	C
152_R	1.0	1.0	1.0	C
152_D	1.0	1.0	1.0	C
152_del	1.0	0.5779310800923609	1.0	C
153_L	1.0	1.0	1.0	C
153_C	1.0	1.0	1.0	C
153_G	1.0	0.9972972217669537	1.0	C
153_I	1.0	1.0	1.0	C
153_del	1.0	0.5779310800923609	1.0	C
154_R	1.0	1.0	1.0	C
154_E	1.0	0.5779310800923609	1.0	C
154_del	1.0	0.5779310800923609	1.0	C
155_E	1.0	1.0	1.0	C
155_R	1.0	1.0	1.0	C
155_K	1.0	1.0	1.0	C
155_del	1.0	0.5779310800923609	1.0	C
156_T	1.0	1.0	1.0	C
156_L	1.0	1.0	1.0	C
156_P	1.0	1.0	1.0	C
156_D	1.0	1.0	1.0	C
156_H	1.0	1.0	1.0	C
156_I	1.0	1.0	1.0	C
156_del	1.0	0.5779310800923609	1.0	C
157_T	1.0	1.0	1.0	C
157_L	1.0	1.0	1.0	C
157_Q	1.0	1.0	1.0	C
157_A	1.0	0.09272481292595601	0.715140571255035	C
157_S	1.0	0.9972972217669537	1.0	C
157_del	1.0	0.5779310800923609	1.0	C
157_R	1.0	1.0	1.0	C
158_S	1.0	0.35254471923956643	1.0	C
158_T	1.0	0.6659241503937785	1.0	C
158_P	1.0	1.0	1.0	C
158_del	1.0	0.5779310800923609	1.0	C
158_Q	1.0	0.9972972217669537	1.0	C
158_E	1.0	1.0	1.0	C
158_C	1.0	1.0	1.0	C
158_G	1.0	1.0	1.0	C
159_V	1.0	1.0	1.0	C
159_L	1.0	1.0	1.0	C
159_N	1.0	1.0	1.0	C
159_A	1.0	1.0	1.0	C
159_Y	1.0	1.0	1.0	C
159_T	1.0	0.9972972217669537	1.0	C
159_R	1.0	1.0	1.0	C
159_del	1.0	0.5779310800923609	1.0	C
160_S	1.0	1.0	1.0	C
160_L	1.0	0.9972972217669537	1.0	C
160_Y	1.0	1.0	1.0	C
160_del	1.0	0.5779310800923609	1.0	C
161_P	1.0	1.0	1.0	C
161_N	1.0	1.0	1.0	C
161_R	1.0	1.0	1.0	C
161_H	1.0	1.0	1.0	C
161_K	1.0	1.0	1.0	C
161_S	1.0	1.0	1.0	C
161_L	1.0	1.0	1.0	C
161_del	1.0	0.5779310800923609	1.0	C
162_C	1.0	1.0	1.0	C
162_F	1.0	0.2927629151984879	1.0	C
162_Y	1.0	1.0	1.0	C
162_H	1.0	1.0	1.0	C
162_A	1.0	1.0	1.0	C
162_N	1.0	0.5779310800923609	1.0	C
162_G	1.0	0.9972972217669537	1.0	C
162_V	1.0	1.0	1.0	C
162_T	1.0	1.0	1.0	C
162_W	1.0	1.0	1.0	C
162_D	1.0	1.0	1.0	C
162_Q	1.0	0.9972972217669537	1.0	C
162_R	1.0	1.0	1.0	C
162_M	1.0	1.0	1.0	C
162_L	1.0	1.0	1.0	C
162_K	1.0	1.0	1.0	C
162_del	1.0	0.9972972217669537	1.0	C
162_E	1.0	1.0	1.0	C
162_I	1.0	0.9972972217669537	1.0	C
163_T	1.0	0.6733497497039437	1.0	C
163_A	1.0	1.0	1.0	C
163_C	1.0	1.0	1.0	C
163_N	1.0	0.5779310800923609	1.0	C
163_Q	1.0	1.0	1.0	C
163_I	1.0	0.9972972217669537	1.0	C
163_G	1.0	1.0	1.0	C
163_Y	1.0	1.0	1.0	C
163_del	1.0	0.9972972217669537	1.0	C
163_V	1.0	0.9972972217669537	1.0	C
163_M	1.0	1.0	1.0	C
163_R	1.0	1.0	1.0	C
164_W	1.0	1.0	1.0	C
164_Y	1.0	1.0	1.0	C
164_I	1.0	1.0	1.0	C
164_L	1.0	1.0	1.0	C
164_del	1.0	1.0	1.0	C
164_S	1.0	0.9972972217669537	1.0	C
164_T	1.0	1.0	1.0	C
164_R	1.0	1.0	1.0	C
165_I	1.0	1.0	1.0	C
165_L	0.0004072889641199817	9.050865869332927e-06	6.980484709433792e-05	C
165_V	1.0	1.0	1.0	C
165_D	1.0	1.0	1.0	C
165_R	1.0	1.0	1.0	C
165_A	1.0	0.9972972217669537	1.0	C
165_del	1.0	1.0	1.0	C
165_M	1.0	0.9972972217669537	1.0	C
165_K	1.0	0.2702937300828456	1.0	C
165_Q	1.0	0.9972972217669537	1.0	C
165_P	1.0	1.0	1.0	C
165_S	1.0	1.0	1.0	C
166_R	1.0	1.0	1.0	C
166_T	1.0	1.0	1.0	C
166_E	1.0	1.0	1.0	C
166_Q	1.0	1.0	1.0	C
166_I	1.0	1.0	1.0	C
166_N	1.0	1.0	1.0	C
166_del	1.0	1.0	1.0	C
166_S	1.0	1.0	1.0	C
167_V	1.0	0.8923672379662598	1.0	C
167_F	1.0	1.0	1.0	C
167_N	1.0	1.0	1.0	C
167_S	1.0	1.0	1.0	C
167_M	1.0	1.0	1.0	C
167_T	1.0	1.0	1.0	C
167_del	1.0	1.0	1.0	C
167_L	1.0	0.9972972217669537	1.0	C
168_R	1.0	1.0	1.0	C
168_S	1.0	1.0	1.0	C
168_F	1.0	0.9972972217669537	1.0	C
168_I	1.0	1.0	1.0	C
168_del	1.0	1.0	1.0	C
169_D	1.0	1.0	1.0	C
169_Q	1.0	1.0	1.0	C
169_A	1.0	1.0	1.0	C
169_K	1.0	0.6213269013829645	1.0	C
169_G	1.0	1.0	1.0	C
169_S	1.0	1.0	1.0	C
169_R	1.0	1.0	1.0	C
169_N	1.0	1.0	1.0	C
169_T	1.0	0.9972972217669537	1.0	C
169_L	1.0	1.0	1.0	C
169_Y	1.0	1.0	1.0	C
170_S	1.0	1.0	1.0	C
170_A	1.0	1.0	1.0	C
170_H	1.0	1.0	1.0	C
170_L	1.0	1.0	1.0	C
170_T	1.0	1.0	1.0	C
171_Y	1.0	1.0	1.0	C
171_W	1.0	1.0	1.0	C
171_L	1.0	0.9972972217669537	1.0	C
171_S	1.0	1.0	1.0	C
171_V	1.0	1.0	1.0	C
172_K	1.0	0.9972972217669537	1.0	C
172_I	1.0	1.0	1.0	C
172_E	1.0	1.0	1.0	C
172_G	1.0	1.0	1.0	C
172_S	1.0	1.0	1.0	C
172_Q	1.0	1.0	1.0	C
172_W	1.0	0.9972972217669537	1.0	C
173_T	1.0	0.27788163728087195	1.0	C
173_V	1.0	0.7766993797686762	1.0	C
173_E	1.0	0.7268016080366207	1.0	C
173_R	1.0	1.0	1.0	C
173_Q	1.0	1.0	1.0	C
173_I	1.0	1.0	1.0	C
173_N	1.0	1.0	1.0	C
173_S	1.0	0.6733497497039437	1.0	C
173_M	1.0	1.0	1.0	C
173_D	1.0	1.0	1.0	C
173_G	1.0	1.0	1.0	C
173_L	1.0	1.0	1.0	C
173_H	1.0	0.5779310800923609	1.0	C
174_R	1.0	1.0	1.0	C
174_E	1.0	1.0	1.0	C
174_K	1.0	0.650491512121853	1.0	C
174_H	1.0	1.0	1.0	C
174_A	1.0	1.0	1.0	C
174_N	1.0	0.7766993797686762	1.0	C
174_Y	1.0	1.0	1.0	C
174_L	1.0	0.9972972217669537	1.0	C
174_G	1.0	1.0	1.0	C
174_P	1.0	0.9972972217669537	1.0	C
174_T	1.0	1.0	1.0	C
174_S	1.0	0.9972972217669537	1.0	C
174_D	1.0	0.9972972217669537	1.0	C
174_C	1.0	1.0	1.0	C
175_H	1.0	1.0	1.0	C
175_Y	1.0	1.0	1.0	C
175_S	1.0	0.5779310800923609	1.0	C
175_K	1.0	1.0	1.0	C
175_T	1.0	1.0	1.0	C
175_D	1.0	1.0	1.0	C
175_R	1.0	1.0	1.0	C
176_Q	1.0	1.0	1.0	C
176_S	1.0	1.0	1.0	C
176_T	1.0	1.0	1.0	C
176_E	1.0	1.0	1.0	C
176_K	1.0	1.0	1.0	C
176_A	1.0	1.0	1.0	C
176_L	1.0	0.9972972217669537	1.0	C
176_R	1.0	1.0	1.0	C
176_del	1.0	0.9972972217669537	1.0	C
177_G	1.0	1.0	1.0	C
177_N	1.0	1.0	1.0	C
177_K	1.0	1.0	1.0	C
177_A	1.0	1.0	1.0	C
177_Q	1.0	1.0	1.0	C
177_H	1.0	0.9972972217669537	1.0	C
177_T	1.0	1.0	1.0	C
177_R	1.0	0.9972972217669537	1.0	C
177_S	1.0	0.9972972217669537	1.0	C
177_Y	1.0	1.0	1.0	C
177_V	1.0	1.0	1.0	C
178_M	0.10333718348240829	0.0017514776861425137	0.013508280183952608	C
178_L	1.2954962867810941e-05	3.5986007966141506e-07	2.775422616883036e-06	C
178_V	1.0	1.0	1.0	C
178_F	1.0	1.0	1.0	C
178_T	1.0	0.9972972217669537	1.0	C
178_S	1.0	1.0	1.0	C
178_K	1.0	1.0	1.0	C
178_G	1.0	1.0	1.0	C
179_I	1.0	1.0	1.0	C
179_D	0.4227123187575137	0.00670971934535736	0.05174874312695034	C
179_A	1.0	1.0	1.0	C
179_E	1.0	1.0	1.0	C
179_C	1.0	1.0	1.0	C
179_L	1.0	1.0	1.0	C
179_M	1.0	1.0	1.0	C
179_T	1.0	0.9972972217669537	1.0	C
179_S	1.0	1.0	1.0	C
179_K	1.0	1.0	1.0	C
179_F	1.0	0.2702937300828456	1.0	C
179_Q	1.0	0.9972972217669537	1.0	C
179_G	1.0	1.0	1.0	C
179_N	1.0	1.0	1.0	C
180_V	1.0	1.0	1.0	C
180_L	1.0	1.0	1.0	C
180_M	1.0	0.9972972217669537	1.0	C
180_S	1.0	1.0	1.0	C
181_C	2.9157895698275157e-95	7.289473924568789e-96	5.622010314248428e-95	C
181_I	0.29674743343899307	0.004786248926435372	0.036913968153843006	C
181_V	1.0	0.5779310800923609	1.0	C
181_F	1.0	1.0	1.0	C
182_T	1.0	1.0	1.0	C
182_L	1.0	1.0	1.0	C
182_R	1.0	1.0	1.0	C
182_H	1.0	1.0	1.0	C
182_A	1.0	0.9972972217669537	1.0	C
183_N	1.0	0.9972972217669537	1.0	C
184_V	0.0	0.0	0.0	C
184_I	6.2809261014719385e-25	3.9255788134199616e-26	3.0276045715806116e-25	C
184_T	1.0	1.0	1.0	C
184_L	1.0	1.0	1.0	C
184_G	1.0	1.0	1.0	C
185_G	1.0	1.0	1.0	C
185_N	1.0	1.0	1.0	C
185_L	1.0	1.0	1.0	C
185_del	1.0	1.0	1.0	C
186_E	1.0	1.0	1.0	C
186_G	1.0	1.0	1.0	C
186_N	1.0	1.0	1.0	C
186_H	1.0	1.0	1.0	C
186_del	1.0	1.0	1.0	C
186_Y	1.0	0.9972972217669537	1.0	C
186_T	1.0	0.9972972217669537	1.0	C
187_I	1.0	1.0	1.0	C
187_W	1.0	0.9972972217669537	1.0	C
187_F	1.0	1.0	1.0	C
187_D	1.0	0.9972972217669537	1.0	C
187_M	1.0	1.0	1.0	C
187_V	1.0	1.0	1.0	C
187_C	1.0	1.0	1.0	C
188_L	3.1896949797979237e-13	1.2758779919191696e-14	9.84021522611656e-14	C
188_H	0.0437427606776776	0.0007541855289254759	0.005816659564670508	C
188_C	1.2165434887678837e-13	5.0689312031995156e-15	3.909415659003012e-14	C
188_F	1.0	0.9972972217669537	1.0	C
188_D	1.0	1.0	1.0	C
188_N	1.0	0.5779310800923609	1.0	C
188_W	1.0	1.0	1.0	C
189_I	1.0	0.0657829939467836	0.5073516611733223	C
189_A	1.0	0.9972972217669537	1.0	C
189_M	1.0	1.0	1.0	C
189_L	1.0	0.9972972217669537	1.0	C
189_E	1.0	1.0	1.0	C
189_G	1.0	1.0	1.0	C
189_P	1.0	1.0	1.0	C
189_C	1.0	1.0	1.0	C
190_A	1.3334834959877547e-61	1.9049764228396494e-62	1.4692139938257786e-61	C
190_S	5.995798951272453e-08	1.8736871722726415e-09	1.4450821440883194e-08	C
190_Q	1.0	0.09272481292595601	0.715140571255035	C
190_R	1.0	1.0	1.0	C
190_E	0.0005928162514950121	1.2613111733936428e-05	9.727868567299009e-05	C
190_V	1.0	0.5779310800923609	1.0	C
190_C	1.0	0.9972972217669537	1.0	C
191_Y	1.0	1.0	1.0	C
191_F	1.0	1.0	1.0	C
191_T	1.0	1.0	1.0	C
191_C	1.0	1.0	1.0	C
192_N	1.0	1.0	1.0	C
192_A	1.0	1.0	1.0	C
192_G	1.0	0.9972972217669537	1.0	C
192_E	1.0	1.0	1.0	C
192_Y	1.0	0.9972972217669537	1.0	C
193_F	1.0	1.0	1.0	C
193_M	1.0	1.0	1.0	C
193_R	1.0	1.0	1.0	C
193_D	1.0	1.0	1.0	C
193_S	1.0	0.9972972217669537	1.0	C
193_V	1.0	1.0	1.0	C
193_del	1.0	1.0	1.0	C
194_D	1.0	1.0	1.0	C
194_A	1.0	1.0	1.0	C
194_Q	1.0	1.0	1.0	C
194_G	1.0	1.0	1.0	C
194_K	1.0	1.0	1.0	C
194_N	1.0	1.0	1.0	C
194_R	1.0	1.0	1.0	C
194_T	1.0	0.28024917187177506	1.0	C
194_V	1.0	1.0	1.0	C
194_H	1.0	1.0	1.0	C
194_P	1.0	1.0	1.0	C
195_L	1.0	1.0	1.0	C
195_M	1.0	1.0	1.0	C
195_T	1.0	1.0	1.0	C
195_K	1.0	1.0	1.0	C
195_V	1.0	1.0	1.0	C
195_R	1.0	1.0	1.0	C
195_P	1.0	1.0	1.0	C
195_G	1.0	1.0	1.0	C
196_M	1.0	1.0	1.0	C
196_E	1.0	0.9972972217669537	1.0	C
196_K	1.0	1.0	1.0	C
196_D	1.0	1.0	1.0	C
196_V	1.0	1.0	1.0	C
196_R	1.0	1.0	1.0	C
196_Q	1.0	1.0	1.0	C
196_N	1.0	1.0	1.0	C
196_T	1.0	1.0	1.0	C
196_A	1.0	1.0	1.0	C
196_S	1.0	1.0	1.0	C
196_I	1.0	1.0	1.0	C
197_K	1.0	1.0	1.0	C
197_E	1.0	1.0	1.0	C
197_P	1.0	1.0	1.0	C
197_S	1.0	1.0	1.0	C
197_N	1.0	1.0	1.0	C
197_R	1.0	1.0	1.0	C
197_L	1.0	1.0	1.0	C
197_H	1.0	1.0	1.0	C
197_C	1.0	1.0	1.0	C
197_I	1.0	1.0	1.0	C
197_D	1.0	1.0	1.0	C
197_M	1.0	1.0	1.0	C
197_A	1.0	1.0	1.0	C
197_V	1.0	1.0	1.0	C
198_Y	1.0	1.0	1.0	C
198_Q	1.0	1.0	1.0	C
198_L	1.0	1.0	1.0	C
198_R	1.0	0.9972972217669537	1.0	C
198_N	1.0	1.0	1.0	C
199_K	1.0	1.0	1.0	C
199_T	1.0	0.5779310800923609	1.0	C
199_I	1.0	1.0	1.0	C
200_E	1.0	1.0	1.0	C
200_I	1.0	1.0	1.0	C
200_S	1.0	1.0	1.0	C
200_L	1.0	1.0	1.0	C
200_R	1.0	0.9972972217669537	1.0	C
200_V	1.0	1.0	1.0	C
200_K	1.0	1.0	1.0	C
200_N	1.0	1.0	1.0	C
200_M	1.0	1.0	1.0	C
200_D	1.0	1.0	1.0	C
200_G	1.0	1.0	1.0	C
200_Q	1.0	1.0	1.0	C
201_R	1.0	0.585347625175128	1.0	C
201_I	1.0	1.0	1.0	C
201_T	1.0	1.0	1.0	C
201_M	1.0	1.0	1.0	C
201_V	1.0	1.0	1.0	C
201_Q	1.0	1.0	1.0	C
201_A	1.0	1.0	1.0	C
201_G	1.0	1.0	1.0	C
201_E	1.0	1.0	1.0	C
202_V	1.0	1.0	1.0	C
202_T	1.0	0.9972972217669537	1.0	C
202_L	1.0	1.0	1.0	C
202_M	1.0	1.0	1.0	C
202_A	1.0	1.0	1.0	C
202_K	1.0	0.9972972217669537	1.0	C
203_D	1.0	0.38298324600159717	1.0	C
203_K	2.0666859652137592e-18	9.394027114607996e-20	7.245147986969408e-19	C
203_Q	1.0	1.0	1.0	C
203_G	1.0	0.2702937300828456	1.0	C
203_A	1.0	0.28024917187177506	1.0	C
203_V	1.0	0.5779310800923609	1.0	C
203_R	1.0	1.0	1.0	C
203_T	1.0	0.9972972217669537	1.0	C
203_N	1.0	0.9972972217669537	1.0	C
204_Q	1.0	0.2927629151984879	1.0	C
204_G	1.0	1.0	1.0	C
204_K	1.0	1.0	1.0	C
204_N	1.0	1.0	1.0	C
204_D	1.0	1.0	1.0	C
204_A	1.0	1.0	1.0	C
204_V	1.0	1.0	1.0	C
204_R	1.0	1.0	1.0	C
204_M	1.0	1.0	1.0	C
204_S	1.0	1.0	1.0	C
204_T	1.0	1.0	1.0	C
204_H	1.0	1.0	1.0	C
204_I	1.0	1.0	1.0	C
205_V	1.0	1.0	1.0	C
205_Q	1.0	1.0	1.0	C
205_F	1.0	0.5779310800923609	1.0	C
205_M	1.0	1.0	1.0	C
206_Q	1.0	1.0	1.0	C
206_K	1.0	0.9972972217669537	1.0	C
206_S	1.0	1.0	1.0	C
207_N	1.0	1.0	1.0	C
207_A	1.0	1.0	1.0	C
207_D	1.0	1.0	1.0	C
207_K	1.0	1.0	1.0	C
207_G	1.0	1.0	1.0	C
207_H	1.0	1.0	1.0	C
207_R	1.0	1.0	1.0	C
207_S	1.0	1.0	1.0	C
207_L	1.0	1.0	1.0	C
207_T	1.0	1.0	1.0	C
207_V	1.0	1.0	1.0	C
207_C	1.0	1.0	1.0	C
207_I	1.0	1.0	1.0	C
207_P	1.0	0.9972972217669537	1.0	C
207_M	1.0	0.9972972217669537	1.0	C
208_Y	1.0	0.023797869187312498	0.18354118200116917	C
208_F	1.0	1.0	1.0	C
208_Q	1.0	1.0	1.0	C
208_P	1.0	1.0	1.0	C
208_N	1.0	1.0	1.0	C
208_L	1.0	1.0	1.0	C
208_I	1.0	1.0	1.0	C
209_A	1.0	1.0	1.0	C
209_C	1.0	1.0	1.0	C
209_M	1.0	1.0	1.0	C
209_F	1.0	1.0	1.0	C
209_Q	1.0	1.0	1.0	C
209_V	1.0	1.0	1.0	C
209_R	1.0	1.0	1.0	C
209_W	1.0	1.0	1.0	C
210_V	1.0	1.0	1.0	C
210_W	4.477031669102946e-20	2.356332457422603e-21	1.817322555305233e-20	C
210_F	1.0	1.0	1.0	C
210_M	1.0	1.0	1.0	C
210_S	1.0	1.0	1.0	C
210_E	1.0	1.0	1.0	C
210_Y	1.0	1.0	1.0	C
210_C	1.0	1.0	1.0	C
210_G	1.0	1.0	1.0	C
210_I	1.0	1.0	1.0	C
210_R	1.0	1.0	1.0	C
210_A	1.0	0.9972972217669537	1.0	C
210_Q	1.0	1.0	1.0	C
211_Q	1.0	1.0	1.0	C
211_V	1.0	1.0	1.0	C
211_S	1.0	1.0	1.0	C
211_A	1.0	0.6600525016226975	1.0	C
211_G	1.0	1.0	1.0	C
211_M	1.0	1.0	1.0	C
211_T	1.0	1.0	1.0	C
211_E	1.0	1.0	1.0	C
211_H	1.0	1.0	1.0	C
211_N	1.0	1.0	1.0	C
211_L	1.0	0.9972972217669537	1.0	C
211_I	1.0	1.0	1.0	C
211_D	1.0	1.0	1.0	C
212_G	1.0	1.0	1.0	C
212_L	1.0	0.9972972217669537	1.0	C
212_M	1.0	1.0	1.0	C
212_C	1.0	1.0	1.0	C
213_D	1.0	1.0	1.0	C
213_E	1.0	0.9972972217669537	1.0	C
213_R	1.0	1.0	1.0	C
213_K	1.0	1.0	1.0	C
213_A	1.0	1.0	1.0	C
214_L	1.0	1.0	1.0	C
214_Y	1.0	1.0	1.0	C
214_V	1.0	1.0	1.0	C
214_I	1.0	1.0	1.0	C
214_S	1.0	1.0	1.0	C
214_C	1.0	0.5779310800923609	1.0	C
215_S	1.0	1.0	1.0	C
215_D	1.0	1.0	1.0	C
215_C	1.0	0.4589813265593847	1.0	C
215_Y	1.3647940794897113e-53	1.516437866099679e-54	1.1695534427244139e-53	C
215_E	1.0	1.0	1.0	C
215_L	1.0	0.9972972217669537	1.0	C
215_V	1.0	0.11161624997555049	0.8608408715000597	C
215_F	3.0677716420927305e-25	2.045181094728487e-26	1.5773469152987762e-25	C
215_I	0.0004072889641199817	9.050865869332927e-06	6.980484709433792e-05	C
215_A	1.0	1.0	1.0	C
215_H	1.0	0.9972972217669537	1.0	C
215_N	1.0	1.0	1.0	C
215_P	1.0	1.0	1.0	C
216_S	1.0	1.0	1.0	C
216_P	1.0	1.0	1.0	C
216_R	1.0	1.0	1.0	C
216_H	1.0	1.0	1.0	C
216_A	1.0	1.0	1.0	C
217_T	1.0	1.0	1.0	C
217_Q	1.0	1.0	1.0	C
218_E	0.0005100920963300931	1.1088958615871588e-05	8.55236473273919e-05	C
218_N	1.0	1.0	1.0	C
218_H	1.0	1.0	1.0	C
218_A	1.0	1.0	1.0	C
219_S	1.0	1.0	1.0	C
219_N	1.0	0.09973971292183223	0.7692430216353213	C
219_Q	2.947891202337003e-14	1.281691827103045e-15	9.885054458285185e-15	C
219_R	0.0002573376732727284	5.984597052854147e-06	4.615623391472255e-05	C
219_E	6.485526860181053e-30	4.988866815523886e-31	3.847665961017366e-30	C
219_T	1.0	1.0	1.0	C
219_H	1.0	0.5779310800923609	1.0	C
219_D	1.0	0.9972972217669537	1.0	C
219_A	1.0	1.0	1.0	C
219_W	1.0	1.0	1.0	C
219_G	1.0	0.5779310800923609	1.0	C
220_E	1.0	1.0	1.0	C
220_T	1.0	1.0	1.0	C
220_N	1.0	1.0	1.0	C
220_R	1.0	1.0	1.0	C
221_Y	7.75890121264867e-25	4.564059536852159e-26	3.5200331404635097e-25	C
221_K	1.0	1.0	1.0	C
221_C	1.0	0.2702937300828456	1.0	C
221_F	1.0	1.0	1.0	C
221_L	1.0	1.0	1.0	C
221_R	1.0	1.0	1.0	C
221_P	1.0	1.0	1.0	C
221_I	1.0	1.0	1.0	C
221_N	1.0	0.9972972217669537	1.0	C
222_K	1.0	1.0	1.0	C
222_H	1.0	1.0	1.0	C
222_R	1.0	0.9972972217669537	1.0	C
222_A	1.0	1.0	1.0	C
222_E	1.0	1.0	1.0	C
223_R	1.0	1.0	1.0	C
223_T	1.0	0.2702937300828456	1.0	C
223_Q	0.0437427606776776	0.0007541855289254759	0.005816659564670508	C
223_A	1.0	1.0	1.0	C
223_I	1.0	1.0	1.0	C
223_E	0.0437427606776776	0.0007541855289254759	0.005816659564670508	C
223_D	1.0	1.0	1.0	C
224_D	1.0	1.0	1.0	C
224_A	1.0	1.0	1.0	C
224_Q	1.0	1.0	1.0	C
224_K	1.0	0.9972972217669537	1.0	C
224_G	1.0	1.0	1.0	C
224_N	1.0	1.0	1.0	C
224_V	1.0	1.0	1.0	C
224_T	1.0	1.0	1.0	C
225_H	2.4310781044050616e-10	8.38302794622435e-12	6.465414386003728e-11	C
225_A	1.0	1.0	1.0	C
225_S	1.0	1.0	1.0	C
225_T	1.0	1.0	1.0	C
225_L	1.0	0.9972972217669537	1.0	C
225_Y	1.0	1.0	1.0	C
226_T	1.0	1.0	1.0	C
226_Q	1.0	1.0	1.0	C
226_S	1.0	1.0	1.0	C
226_R	1.0	0.9972972217669537	1.0	C
227_Y	1.0	0.09973971292183223	0.7692430216353213	C
227_L	6.50416682404015e-19	3.252083412020075e-20	2.508170915263221e-19	C
227_S	1.0	1.0	1.0	C
227_V	1.0	0.9972972217669537	1.0	C
227_C	1.0	1.0	1.0	C
227_W	1.0	0.5779310800923609	1.0	C
228_H	6.386304084192741e-05	1.6375138677417285e-06	1.2629333679540427e-05	C
228_Q	1.0	0.5779310800923609	1.0	C
228_M	1.0	1.0	1.0	C
228_R	7.332742785095101e-19	3.491782278616715e-20	2.693038782857614e-19	C
228_F	1.0	1.0	1.0	C
228_P	1.0	1.0	1.0	C
228_V	1.0	1.0	1.0	C
228_I	1.0	1.0	1.0	C
228_N	1.0	1.0	1.0	C
228_S	1.0	1.0	1.0	C
228_C	1.0	1.0	1.0	C
228_K	1.0	1.0	1.0	C
229_G	1.0	0.9972972217669537	1.0	C
229_R	1.0	1.0	1.0	C
229_C	1.0	1.0	1.0	C
230_L	7.817290009799743e-11	2.895292596222127e-12	2.2329958248243268e-11	C
230_I	1.0	1.0	1.0	C
230_W	1.0	1.0	1.0	C
230_K	1.0	0.9972972217669537	1.0	C
231_E	1.0	1.0	1.0	C
231_A	1.0	1.0	1.0	C
231_R	1.0	1.0	1.0	C
231_V	1.0	1.0	1.0	C
231_S	1.0	1.0	1.0	C
232_L	1.0	1.0	1.0	C
232_F	1.0	1.0	1.0	C
232_H	0.0437427606776776	0.0007541855289254759	0.005816659564670508	C
232_I	1.0	1.0	1.0	C
232_del	1.0	0.9972972217669537	1.0	C
232_N	1.0	1.0	1.0	C
232_C	1.0	1.0	1.0	C
233_D	1.0	1.0	1.0	C
233_G	1.0	1.0	1.0	C
233_Q	1.0	1.0	1.0	C
233_K	1.0	1.0	1.0	C
234_P	1.0	1.0	1.0	C
234_T	1.0	1.0	1.0	C
234_I	1.0	0.2702937300828456	1.0	C
235_R	1.0	1.0	1.0	C
235_N	1.0	1.0	1.0	C
235_L	1.0	0.9972972217669537	1.0	C
41_L	3.823863e-317	9.559656e-318	7.3728907e-317	B
41_N	1.0	1.0	1.0	B
41_I	1.0	1.0	1.0	B
41_T	1.0	1.0	1.0	B
41_R	1.0	0.718416329771749	1.0	B
41_V	1.0	0.718416329771749	1.0	B
42_G	1.0	1.0	1.0	B
42_D	1.0	1.0	1.0	B
42_K	1.0	0.21368410365916543	1.0	B
43_R	1.0	1.0	1.0	B
43_E	1.7955893704001119e-63	1.1970595802667412e-64	9.232327842406844e-64	B
43_N	6.096823243977784e-09	1.2971964348888902e-10	1.0004633821339914e-09	B
43_Q	3.9017967132174243e-16	9.2899921743272e-18	7.164910988613529e-17	B
43_M	1.0	1.0	1.0	B
43_T	1.0	0.3329387450470986	1.0	B
43_D	1.0	0.718416329771749	1.0	B
44_D	1.9620770341595472e-51	1.090042796755304e-52	8.406960378410352e-52	B
44_K	1.0	1.0	1.0	B
44_G	1.0	1.0	1.0	B
44_A	6.866382437772972e-21	1.8557790372359384e-22	1.4312704862201206e-21	B
44_R	1.0	1.0	1.0	B
45_E	1.0	1.0	1.0	B
45_R	1.0	1.0	1.0	B
45_K	1.0	0.718416329771749	1.0	B
45_W	1.0	1.0	1.0	B
45_D	1.0	1.0	1.0	B
46_E	1.0	1.0	1.0	B
46_Q	1.0	0.8169813696155305	1.0	B
46_R	1.0	1.0	1.0	B
46_T	1.0	1.0	1.0	B
46_M	1.0	1.0	1.0	B
46_I	1.0	1.0	1.0	B
46_N	1.0	0.718416329771749	1.0	B
47_L	1.0	1.0	1.0	B
47_N	1.0	1.0	1.0	B
47_S	1.0	1.0	1.0	B
47_F	1.0	1.0	1.0	B
47_V	1.0	1.0	1.0	B
47_T	1.0	1.0	1.0	B
47_D	1.0	1.0	1.0	B
47_K	1.0	1.0	1.0	B
48_E	1.0	1.0	1.0	B
48_Q	1.0	1.0	1.0	B
48_G	1.0	1.0	1.0	B
48_P	1.0	1.0	1.0	B
48_F	1.0	1.0	1.0	B
48_L	1.0	1.0	1.0	B
48_A	1.0	1.0	1.0	B
48_I	1.0	1.0	1.0	B
48_K	1.0	1.0	1.0	B
48_Y	1.0	1.0	1.0	B
49_R	1.0	1.0	1.0	B
49_E	1.0	1.0	1.0	B
49_Q	1.0	1.0	1.0	B
49_T	1.0	1.0	1.0	B
49_Y	1.0	1.0	1.0	B
50_V	1.0	0.718416329771749	1.0	B
50_L	1.0	1.0	1.0	B
50_M	1.0	1.0	1.0	B
50_F	1.0	1.0	1.0	B
50_N	1.0	1.0	1.0	B
50_A	1.0	1.0	1.0	B
50_T	1.0	0.11671661669861728	0.9001774746901551	B
51_R	1.0	0.36585314352168463	1.0	B
51_W	1.0	1.0	1.0	B
51_A	1.0	1.0	1.0	B
52_A	1.0	0.9583841178359319	1.0	B
52_H	1.0	1.0	1.0	B
52_R	1.0	1.0	1.0	B
52_N	1.0	1.0	1.0	B
52_S	1.0	0.718416329771749	1.0	B
52_L	1.0	0.718416329771749	1.0	B
53_D	1.0	1.0	1.0	B
53_Q	1.0	1.0	1.0	B
53_K	1.0	0.25146266649407983	1.0	B
53_R	1.0	1.0	1.0	B
53_V	1.0	1.0	1.0	B
53_A	1.0	1.0	1.0	B
53_N	1.0	1.0	1.0	B
53_M	1.0	1.0	1.0	B
53_G	1.0	0.718416329771749	1.0	B
54_I	1.0	0.718416329771749	1.0	B
54_Y	1.0	1.0	1.0	B
54_K	1.0	1.0	1.0	B
54_D	1.0	1.0	1.0	B
55_A	1.0	1.0	1.0	B
55_S	1.0	1.0	1.0	B
55_E	1.0	1.0	1.0	B
55_T	1.0	0.718416329771749	1.0	B
55_G	1.0	1.0	1.0	B
55_Q	1.0	1.0	1.0	B
55_I	1.0	1.0	1.0	B
56_H	1.0	1.0	1.0	B
56_S	1.0	1.0	1.0	B
56_F	1.0	0.718416329771749	1.0	B
56_N	1.0	1.0	1.0	B
56_C	1.0	0.718416329771749	1.0	B
57_K	1.0	1.0	1.0	B
57_S	1.0	1.0	1.0	B
57_T	1.0	1.0	1.0	B
57_H	1.0	1.0	1.0	B
57_Y	1.0	0.718416329771749	1.0	B
58_P	1.0	1.0	1.0	B
58_A	1.0	1.0	1.0	B
58_N	1.0	0.718416329771749	1.0	B
58_R	1.0	0.718416329771749	1.0	B
58_L	1.0	1.0	1.0	B
58_I	1.0	0.718416329771749	1.0	B
58_S	1.0	1.0	1.0	B
59_S	1.0	0.36313762356592727	1.0	B
59_T	1.0	1.0	1.0	B
60_I	1.0	1.0	1.0	B
60_A	1.0	1.0	1.0	B
60_E	1.0	1.0	1.0	B
60_K	1.0	1.0	1.0	B
61_C	1.0	1.0	1.0	B
61_A	1.0	1.0	1.0	B
61_L	1.0	1.0	1.0	B
61_K	1.0	1.0	1.0	B
62_V	1.4058107641219694e-29	4.393158637881154e-31	3.3882257389045346e-30	B
62_T	1.0	1.0	1.0	B
62_C	1.0	1.0	1.0	B
62_S	1.0	1.0	1.0	B
62_P	1.0	0.718416329771749	1.0	B
62_D	1.0	1.0	1.0	B
63_N	1.0	1.0	1.0	B
63_L	1.0	0.718416329771749	1.0	B
63_V	1.0	1.0	1.0	B
63_K	1.0	1.0	1.0	B
63_Q	1.0	1.0	1.0	B
64_R	1.0	1.0	1.0	B
64_N	0.02145273955332146	0.00030215126131438676	0.0023303430743435182	B
64_H	0.00581863667807023	8.816116178894286e-05	0.0006799433896361473	B
64_Y	1.4539971420614175e-06	2.643631167384395e-08	2.0389018252758038e-07	B
64_Q	1.0	0.718416329771749	1.0	B
65_R	4.971370385123904e-74	3.824131065479926e-75	2.9493629465774886e-74	B
65_E	1.0	1.0	1.0	B
65_N	1.0	0.11671661669861728	0.9001774746901551	B
65_G	1.0	0.718416329771749	1.0	B
66_N	1.0	1.0	1.0	B
66_E	1.0	1.0	1.0	B
66_R	1.0	0.5613444639388051	1.0	B
66_Q	1.0	1.0	1.0	B
66_del	1.0	1.0	1.0	B
67_E	0.1229378388053075	0.0015761261385295834	0.012155880519037647	B
67_N	0.0	0.0	0.0	B
67_G	6.31827958609567e-16	1.4693673456036443e-17	1.1332502808688204e-16	B
67_M	1.0	1.0	1.0	B
67_T	1.0	0.718416329771749	1.0	B
67_del	1.0	1.0	1.0	B
67_H	1.0	0.011247904160298635	0.0867495156128396	B
67_Q	1.0	1.0	1.0	B
67_V	1.0	1.0	1.0	B
67_S	0.1861307983805749	0.0023560860554503148	0.0181713251766411	B
67_A	1.0	0.11671661669861728	0.9001774746901551	B
67_F	1.0	0.718416329771749	1.0	B
67_I	1.0	1.0	1.0	B
68_G	1.0	1.0	1.0	B
68_T	1.0	1.0	1.0	B
68_K	1.0	1.0	1.0	B
68_N	1.0	0.18307545070542333	1.0	B
68_R	1.0	0.718416329771749	1.0	B
69_N	1.2237280469256335e-06	2.3089208432559122e-08	1.780756324790036e-07	B
69_D	1.6584401495617297e-33	5.923000534149035e-35	4.568117046423846e-34	B
69_S	1.0	0.05708256508814524	0.44024956123057096	B
69_A	1.0	1.0	1.0	B
69_G	1.0	0.718416329771749	1.0	B
69_I	1.0	0.027355195889868886	0.21097708151857697	B
69_E	1.0	0.3329387450470986	1.0	B
69_V	1.0	1.0	1.0	B
69_P	1.0	0.3329387450470986	1.0	B
69_del	0.8091926751193945	0.009195371308174938	0.0709193459951387	B
70_R	1.1321489174701231e-305	2.2642978349402464e-306	1.7463408078954738e-305	B
70_S	1.0	0.09586740938013524	0.7393778617121256	B
70_I	1.0	1.0	1.0	B
70_T	0.9842932879101479	0.010816409757254373	0.083421612928012	B
70_Q	1.0	0.718416329771749	1.0	B
70_G	0.2806623517466932	0.00342271160666699	0.026397679934794364	B
70_N	1.0	0.09586740938013524	0.7393778617121256	B
70_E	6.858872844690785e-07	1.344877028370742e-08	1.0372370630769977e-07	B
70_A	1.0	1.0	1.0	B
70_del	1.0	0.36313762356592727	1.0	B
71_L	1.0	1.0	1.0	B
71_V	1.0	1.0	1.0	B
71_G	1.0	1.0	1.0	B
71_C	1.0	1.0	1.0	B
72_K	1.0	1.0	1.0	B
72_G	1.0	1.0	1.0	B
72_E	1.0	1.0	1.0	B
72_S	1.0	1.0	1.0	B
72_T	1.0	1.0	1.0	B
73_Q	1.0	0.718416329771749	1.0	B
73_R	1.0	1.0	1.0	B
73_E	1.0	1.0	1.0	B
73_N	1.0	0.718416329771749	1.0	B
73_M	1.0	0.36313762356592727	1.0	B
74_V	1.5088879260666768e-91	1.3717162964242514e-92	1.0579368616338098e-91	B
74_I	4.320033416918178e-34	1.6000123766363622e-35	1.234010324676055e-34	B
74_S	1.0	1.0	1.0	B
75_A	0.00010768688089112927	1.7368851756633754e-06	1.3395735375817709e-05	B
75_M	1.821608838864866e-16	4.4429483874752826e-18	3.426626107526279e-17	B
75_I	5.4188482492089704e-18	1.3547120623022427e-19	1.0448223377862628e-18	B
75_del	1.0	1.0	1.0	B
75_T	3.3150113906523586e-06	5.9196631975934966e-08	4.5655431239801265e-07	B
75_L	1.0	0.38093010441110126	1.0	B
75_S	1.0	0.3329387450470986	1.0	B
76_Y	1.0	1.0	1.0	B
76_R	1.0	1.0	1.0	B
76_del	1.0	1.0	1.0	B
76_N	1.0	1.0	1.0	B
76_E	1.0	1.0	1.0	B
77_I	1.0	1.0	1.0	B
77_del	1.0	1.0	1.0	B
77_L	1.409868124562146e-06	2.6108668973373072e-08	2.0136323660460083e-07	B
77_S	1.0	0.718416329771749	1.0	B
78_K	1.0	1.0	1.0	B
78_Q	1.0	1.0	1.0	B
78_del	1.0	1.0	1.0	B
78_S	1.0	1.0	1.0	B
78_G	1.0	1.0	1.0	B
79_D	1.0	1.0	1.0	B
79_K	1.0	1.0	1.0	B
79_G	1.0	0.718416329771749	1.0	B
79_Q	1.0	0.718416329771749	1.0	B
79_V	1.0	1.0	1.0	B
79_R	1.0	1.0	1.0	B
81_S	1.0	1.0	1.0	B
81_K	1.0	1.0	1.0	B
81_Y	1.0	0.718416329771749	1.0	B
81_T	1.0	0.718416329771749	1.0	B
82_R	1.0	0.060991556744982696	0.4703976784204561	B
82_N	1.0	1.0	1.0	B
83_K	1.0	0.718416329771749	1.0	B
83_E	1.0	0.9583841178359319	1.0	B
83_G	1.0	1.0	1.0	B
83_I	1.0	1.0	1.0	B
83_S	1.0	0.718416329771749	1.0	B
84_A	1.0	1.0	1.0	B
84_H	1.0	1.0	1.0	B
84_S	1.0	1.0	1.0	B
84_I	1.0	0.718416329771749	1.0	B
85_R	1.0	1.0	1.0	B
85_S	1.0	1.0	1.0	B
85_L	1.0	1.0	1.0	B
86_E	1.0	1.0	1.0	B
86_N	1.0	1.0	1.0	B
86_A	1.0	0.718416329771749	1.0	B
86_T	1.0	1.0	1.0	B
86_H	1.0	1.0	1.0	B
86_R	1.0	1.0	1.0	B
87_L	1.0	1.0	1.0	B
87_M	1.0	1.0	1.0	B
87_V	1.0	1.0	1.0	B
87_S	1.0	0.718416329771749	1.0	B
88_C	1.0	0.03743440480797037	0.2887130293845038	B
88_S	1.0	0.910461192804904	1.0	B
88_F	1.0	0.718416329771749	1.0	B
88_L	1.0	1.0	1.0	B
88_G	1.0	1.0	1.0	B
88_R	1.0	1.0	1.0	B
89_V	1.0	1.0	1.0	B
89_R	1.0	1.0	1.0	B
89_D	1.0	1.0	1.0	B
89_K	1.0	1.0	1.0	B
89_Q	1.0	1.0	1.0	B
90_I	1.0	1.0	1.0	B
90_L	1.0	1.0	1.0	B
90_T	1.0	0.718416329771749	1.0	B
90_S	1.0	0.718416329771749	1.0	B
91_S	1.0	1.0	1.0	B
91_P	1.0	1.0	1.0	B
91_N	1.0	0.718416329771749	1.0	B
91_H	1.0	1.0	1.0	B
92_I	1.0	1.0	1.0	B
92_S	1.0	1.0	1.0	B
92_F	1.0	1.0	1.0	B
93_E	1.0	0.11671661669861728	0.9001774746901551	B
93_V	1.0	1.0	1.0	B
93_R	1.0	0.718416329771749	1.0	B
94_L	1.0	0.7256200145107616	1.0	B
94_Y	1.0	1.0	1.0	B
94_K	1.0	1.0	1.0	B
94_T	1.0	0.718416329771749	1.0	B
96_N	1.0	1.0	1.0	B
96_K	1.0	1.0	1.0	B
96_S	1.0	1.0	1.0	B
96_L	1.0	1.0	1.0	B
96_D	1.0	1.0	1.0	B
96_Q	1.0	0.718416329771749	1.0	B
97_S	1.0	1.0	1.0	B
97_A	1.0	1.0	1.0	B
97_H	1.0	1.0	1.0	B
97_T	1.0	1.0	1.0	B
98_S	1.0	1.0	1.0	B
98_G	2.3620015108052473e-31	7.873338369350825e-33	6.072316051624628e-32	B
98_T	1.0	1.0	1.0	B
98_R	1.0	1.0	1.0	B
98_V	1.0	1.0	1.0	B
98_Q	1.0	1.0	1.0	B
98_P	1.0	1.0	1.0	B
98_C	1.0	1.0	1.0	B
98_L	1.0	1.0	1.0	B
99_R	1.0	1.0	1.0	B
99_V	1.0	1.0	1.0	B
99_K	1.0	0.718416329771749	1.0	B
100_F	1.0	1.0	1.0	B
100_I	1.269552377466511e-28	3.733977580783856e-30	2.879832027601504e-29	B
100_V	1.0	0.25146266649407983	1.0	B
101_R	1.0	0.3895715860024803	1.0	B
101_Q	8.599551873158478e-05	1.4097626021571277e-06	1.0872800934585854e-05	B
101_A	1.0	1.0	1.0	B
101_H	0.3608508420428264	0.004347600506540078	0.033530890079212256	B
101_E	2.1314815239358448e-57	1.2538126611387324e-58	9.670036255015763e-58	B
101_I	1.0	1.0	1.0	B
101_P	1.7131404303426352e-05	3.0055095269169043e-07	2.3180006862975773e-06	B
101_N	0.0738116919152797	0.0009974552961524283	0.0076928788291157745	B
101_V	1.0	1.0	1.0	B
101_D	1.0	1.0	1.0	B
101_T	1.0	0.36313762356592727	1.0	B
101_G	1.0	1.0	1.0	B
101_S	1.0	1.0	1.0	B
102_Q	1.0	1.0	1.0	B
102_R	1.0	0.3498243778025925	1.0	B
102_E	1.0	0.20487439665573318	1.0	B
102_M	1.0	0.8992217144814008	1.0	B
102_L	1.0	1.0	1.0	B
102_G	1.0	0.9583841178359319	1.0	B
102_N	1.0	0.3826204732206383	1.0	B
102_H	1.0	1.0	1.0	B
103_N	2.5740234740646385e-242	4.2900391234410644e-243	3.3086947631741054e-242	B
103_Q	1.0	1.0	1.0	B
103_R	1.0	1.0	1.0	B
103_S	0.0016053999403666769	2.4698460621025795e-05	0.0001904869978195027	B
103_M	1.0	1.0	1.0	B
103_E	1.0	0.718416329771749	1.0	B
103_T	0.0428100836287221	0.0005864395017633165	0.004522917513270489	B
103_H	1.0	0.718416329771749	1.0	B
104_R	1.0	1.0	1.0	B
104_Q	1.0	1.0	1.0	B
104_N	1.0	0.7174649120508487	1.0	B
104_T	1.0	1.0	1.0	B
104_I	1.0	1.0	1.0	B
104_A	1.0	1.0	1.0	B
104_L	1.0	1.0	1.0	B
104_S	1.0	1.0	1.0	B
104_H	1.0	1.0	1.0	B
104_E	1.0	0.11671661669861728	0.9001774746901551	B
105_A	1.0	1.0	1.0	B
105_L	1.0	1.0	1.0	B
105_Q	1.0	1.0	1.0	B
105_T	1.0	0.718416329771749	1.0	B
106_I	1.0	1.0	1.0	B
106_M	2.313332427603934e-07	4.626664855207868e-09	3.568317522733719e-08	B
106_L	1.0	0.718416329771749	1.0	B
106_A	1.2261924569294103e-26	3.5034070197983153e-28	2.702004370155094e-27	B
107_S	1.0	1.0	1.0	B
107_K	1.0	1.0	1.0	B
107_A	1.0	1.0	1.0	B
108_I	1.6895864275730026e-34	6.498409336819241e-36	5.011901365703458e-35	B
108_E	1.0	1.0	1.0	B
108_Y	1.0	1.0	1.0	B
108_S	1.0	1.0	1.0	B
108_L	1.0	0.718416329771749	1.0	B
108_D	1.0	1.0	1.0	B
109_I	0.0428100836287221	0.0005864395017633165	0.004522917513270489	B
109_M	1.0	1.0	1.0	B
109_V	1.0	0.5384094072520308	1.0	B
109_T	1.0	1.0	1.0	B
109_Q	1.0	1.0	1.0	B
110_N	1.0	0.718416329771749	1.0	B
110_V	1.0	1.0	1.0	B
111_I	1.0	1.0	1.0	B
111_L	1.0	1.0	1.0	B
111_G	1.0	0.718416329771749	1.0	B
111_E	1.0	1.0	1.0	B
111_A	1.0	0.718416329771749	1.0	B
111_M	1.0	0.718416329771749	1.0	B
112_A	1.0	1.0	1.0	B
112_R	1.0	1.0	1.0	B
112_V	1.0	1.0	1.0	B
112_S	1.0	1.0	1.0	B
112_K	1.0	0.718416329771749	1.0	B
113_E	1.0	1.0	1.0	B
113_I	1.0	1.0	1.0	B
113_N	0.8091926751193945	0.009195371308174938	0.0709193459951387	B
113_Y	1.0	0.718416329771749	1.0	B
113_H	1.0	0.718416329771749	1.0	B
114_V	1.0	1.0	1.0	B
114_G	1.0	0.718416329771749	1.0	B
114_E	1.0	0.718416329771749	1.0	B
115_F	3.519372186858311e-33	1.2135766161580383e-34	9.359715562155327e-34	B
115_H	1.0	0.36313762356592727	1.0	B
115_N	1.0	0.718416329771749	1.0	B
116_S	1.0	1.0	1.0	B
116_Y	3.6594462664214637e-19	9.630121753740694e-21	7.427236092377002e-20	B
116_L	1.0	0.718416329771749	1.0	B
116_H	1.0	0.718416329771749	1.0	B
116_I	1.0	1.0	1.0	B
117_L	1.0	1.0	1.0	B
117_Q	1.0	1.0	1.0	B
117_F	1.0	1.0	1.0	B
117_A	1.0	0.03382313431177122	0.2608610880959236	B
118_I	9.002907283112032e-09	1.8756056839816733e-10	1.4465617971782123e-09	B
118_C	1.0	0.718416329771749	1.0	B
118_M	1.0	1.0	1.0	B
118_F	1.0	1.0	1.0	B
118_G	1.0	1.0	1.0	B
119_S	1.0	1.0	1.0	B
119_A	1.0	1.0	1.0	B
120_S	1.0	1.0	1.0	B
120_I	1.0	0.718416329771749	1.0	B
121_Y	1.0	1.0	1.0	B
121_H	1.0	1.0	1.0	B
121_C	1.0	0.36313762356592727	1.0	B
121_E	1.0	1.0	1.0	B
121_A	1.0	1.0	1.0	B
121_W	1.0	1.0	1.0	B
121_F	1.0	0.3329387450470986	1.0	B
121_N	1.0	1.0	1.0	B
121_I	1.0	1.0	1.0	B
121_R	1.0	1.0	1.0	B
121_Q	1.0	1.0	1.0	B
121_T	1.0	1.0	1.0	B
121_G	1.0	0.718416329771749	1.0	B
122_P	1.0	1.0	1.0	B
122_Q	1.0	1.0	1.0	B
122_I	1.0	0.8769880251807562	1.0	B
122_N	1.0	1.0	1.0	B
122_A	1.0	1.0	1.0	B
122_R	1.0	1.0	1.0	B
122_V	1.0	1.0	1.0	B
122_T	1.0	1.0	1.0	B
122_D	1.0	1.0	1.0	B
122_G	1.0	1.0	1.0	B
122_S	1.0	1.0	1.0	B
122_M	1.0	1.0	1.0	B
123_E	1.0	0.718416329771749	1.0	B
123_N	1.0	1.0	1.0	B
123_S	1.0	1.0	1.0	B
123_T	1.0	1.0	1.0	B
123_A	1.0	1.0	1.0	B
123_K	1.0	1.0	1.0	B
123_Q	1.0	1.0	1.0	B
123_P	1.0	1.0	1.0	B
123_R	1.0	1.0	1.0	B
123_H	1.0	1.0	1.0	B
124_I	1.0	1.0	1.0	B
124_L	1.0	1.0	1.0	B
125_K	1.0	1.0	1.0	B
125_Q	1.0	1.0	1.0	B
125_G	1.0	1.0	1.0	B
125_S	1.0	1.0	1.0	B
125_W	1.0	0.718416329771749	1.0	B
126_R	1.0	1.0	1.0	B
126_Q	1.0	1.0	1.0	B
126_T	1.0	1.0	1.0	B
126_N	1.0	1.0	1.0	B
126_S	1.0	0.718416329771749	1.0	B
126_I	1.0	0.718416329771749	1.0	B
127_F	1.0	1.0	1.0	B
127_D	1.0	1.0	1.0	B
127_S	1.0	1.0	1.0	B
127_H	1.0	1.0	1.0	B
127_A	1.0	1.0	1.0	B
128_N	1.0	1.0	1.0	B
128_S	1.0	1.0	1.0	B
128_P	1.0	0.718416329771749	1.0	B
129_T	1.0	1.0	1.0	B
129_S	1.0	1.0	1.0	B
129_G	1.0	1.0	1.0	B
130_L	1.0	1.0	1.0	B
130_Y	1.0	1.0	1.0	B
130_C	1.0	1.0	1.0	B
130_I	1.0	1.0	1.0	B
130_S	1.0	0.718416329771749	1.0	B
130_V	1.0	0.718416329771749	1.0	B
131_P	1.0	0.718416329771749	1.0	B
131_I	1.0	1.0	1.0	B
131_S	1.0	1.0	1.0	B
131_del	1.0	0.718416329771749	1.0	B
132_V	1.0	1.0	1.0	B
132_L	0.9842932879101479	0.010816409757254373	0.083421612928012	B
132_Y	1.0	1.0	1.0	B
132_K	1.0	1.0	1.0	B
132_M	1.0	0.718416329771749	1.0	B
132_del	1.0	0.718416329771749	1.0	B
133_H	1.0	1.0	1.0	B
133_L	1.0	1.0	1.0	B
133_del	1.0	0.718416329771749	1.0	B
133_S	1.0	0.718416329771749	1.0	B
134_R	1.0	1.0	1.0	B
134_C	1.0	1.0	1.0	B
134_N	1.0	1.0	1.0	B
134_V	1.0	1.0	1.0	B
134_T	1.0	1.0	1.0	B
134_I	1.0	1.0	1.0	B
134_G	1.0	0.03382313431177122	0.2608610880959236	B
134_del	1.0	0.718416329771749	1.0	B
135_T	1.0	1.0	1.0	B
135_R	1.0	1.0	1.0	B
135_V	1.0	1.0	1.0	B
135_L	0.00745501402243659	0.00011126886600651627	0.0008581616709471467	B
135_M	1.0	1.0	1.0	B
135_K	1.0	1.0	1.0	B
135_A	1.0	1.0	1.0	B
135_Y	1.0	1.0	1.0	B
135_P	1.0	1.0	1.0	B
135_S	1.0	1.0	1.0	B
135_del	1.0	0.718416329771749	1.0	B
136_I	1.0	1.0	1.0	B
136_H	1.0	1.0	1.0	B
136_S	1.0	1.0	1.0	B
136_T	1.0	1.0	1.0	B
136_Y	1.0	1.0	1.0	B
136_D	1.0	1.0	1.0	B
136_K	1.0	0.718416329771749	1.0	B
136_del	1.0	0.718416329771749	1.0	B
137_S	1.0	1.0	1.0	B
137_T	1.0	1.0	1.0	B
137_K	1.0	0.03382313431177122	0.2608610880959236	B
137_H	1.0	1.0	1.0	B
137_D	1.0	1.0	1.0	B
137_Y	1.0	1.0	1.0	B
137_del	1.0	0.718416329771749	1.0	B
138_A	1.0	1.0	1.0	B
138_S	1.0	1.0	1.0	B
138_K	0.12174270168649431	0.0015761261385295834	0.012155880519037647	B
138_G	1.0	0.42747355755972716	1.0	B
138_M	1.0	1.0	1.0	B
138_Q	0.0013331832886466677	2.0830988885104183e-05	0.00016065910322188013	B
138_D	1.0	1.0	1.0	B
138_T	1.0	0.718416329771749	1.0	B
138_R	1.0	0.718416329771749	1.0	B
138_H	1.0	1.0	1.0	B
138_V	1.0	1.0	1.0	B
138_del	1.0	0.718416329771749	1.0	B
138_I	1.0	1.0	1.0	B
139_A	1.0	0.8414426263965226	1.0	B
139_K	0.9746747105670039	0.010816409757254373	0.083421612928012	B
139_L	1.0	1.0	1.0	B
139_S	1.0	1.0	1.0	B
139_R	1.0	1.0	1.0	B
139_V	1.0	1.0	1.0	B
139_M	1.0	0.30082290154135927	1.0	B
139_I	1.0	1.0	1.0	B
139_H	1.0	1.0	1.0	B
139_E	1.0	1.0	1.0	B
139_Q	1.0	1.0	1.0	B
139_P	1.0	0.718416329771749	1.0	B
139_del	1.0	0.718416329771749	1.0	B
140_R	1.0	1.0	1.0	B
140_Q	1.0	1.0	1.0	B
140_T	1.0	0.12398394569829709	0.9562267849915886	B
140_del	1.0	0.718416329771749	1.0	B
141_R	1.0	1.0	1.0	B
141_E	1.0	1.0	1.0	B
141_K	1.0	0.718416329771749	1.0	B
141_del	1.0	0.718416329771749	1.0	B
142_V	1.0	1.0	1.0	B
142_T	1.0	1.0	1.0	B
142_M	1.0	1.0	1.0	B
142_L	1.0	1.0	1.0	B
142_K	1.0	1.0	1.0	B
142_S	1.0	1.0	1.0	B
142_N	1.0	1.0	1.0	B
142_F	1.0	0.718416329771749	1.0	B
142_R	1.0	0.5384094072520308	1.0	B
142_A	1.0	0.718416329771749	1.0	B
142_Q	1.0	1.0	1.0	B
142_C	1.0	1.0	1.0	B
142_E	1.0	1.0	1.0	B
142_D	1.0	0.718416329771749	1.0	B
143_K	1.0	1.0	1.0	B
143_G	1.0	1.0	1.0	B
143_I	1.0	0.718416329771749	1.0	B
143_T	1.0	1.0	1.0	B
143_D	1.0	1.0	1.0	B
143_Q	1.0	1.0	1.0	B
143_del	1.0	0.718416329771749	1.0	B
143_S	1.0	1.0	1.0	B
144_F	1.0	1.0	1.0	B
144_S	1.0	1.0	1.0	B
144_N	1.0	1.0	1.0	B
144_del	1.0	0.718416329771749	1.0	B
145_S	1.0	1.0	1.0	B
145_C	1.0	1.0	1.0	B
145_E	1.0	1.0	1.0	B
145_V	1.0	0.2685823536727999	1.0	B
145_H	1.0	1.0	1.0	B
145_M	1.0	1.0	1.0	B
145_I	1.0	1.0	1.0	B
145_L	1.0	1.0	1.0	B
145_R	1.0	1.0	1.0	B
145_A	1.0	1.0	1.0	B
145_K	1.0	1.0	1.0	B
145_del	1.0	0.718416329771749	1.0	B
146_V	1.0	1.0	1.0	B
146_S	1.0	1.0	1.0	B
146_C	1.0	1.0	1.0	B
146_F	1.0	1.0	1.0	B
146_D	1.0	1.0	1.0	B
146_del	1.0	0.718416329771749	1.0	B
146_P	1.0	0.718416329771749	1.0	B
147_T	1.0	1.0	1.0	B
147_H	1.0	0.718416329771749	1.0	B
147_I	1.0	1.0	1.0	B
147_D	1.0	0.718416329771749	1.0	B
147_K	1.0	0.03702360432348246	0.28554472864732017	B
147_Y	1.0	1.0	1.0	B
147_del	1.0	0.718416329771749	1.0	B
148_C	1.0	1.0	1.0	B
148_G	1.0	1.0	1.0	B
148_L	1.0	1.0	1.0	B
148_S	1.0	1.0	1.0	B
148_A	1.0	1.0	1.0	B
148_del	1.0	0.718416329771749	1.0	B
148_E	1.0	0.718416329771749	1.0	B
149_A	1.0	1.0	1.0	B
149_M	1.0	1.0	1.0	B
149_V	1.0	1.0	1.0	B
149_F	1.0	1.0	1.0	B
149_I	1.0	1.0	1.0	B
149_P	1.0	1.0	1.0	B
149_T	1.0	1.0	1.0	B
149_del	1.0	0.36313762356592727	1.0	B
149_H	1.0	0.718416329771749	1.0	B
150_S	1.0	1.0	1.0	B
150_A	1.0	1.0	1.0	B
150_T	1.0	1.0	1.0	B
150_R	1.0	1.0	1.0	B
150_H	1.0	1.0	1.0	B
150_Q	1.0	1.0	1.0	B
150_del	1.0	0.36313762356592727	1.0	B
151_T	1.0	1.0	1.0	B
151_H	1.0	1.0	1.0	B
151_M	3.3106800909331134e-18	8.488923310084905e-20	6.547086236951513e-19	B
151_R	1.0	1.0	1.0	B
151_E	1.0	1.0	1.0	B
151_P	1.0	1.0	1.0	B
151_del	1.0	0.36313762356592727	1.0	B
152_E	1.0	1.0	1.0	B
152_V	1.0	1.0	1.0	B
152_R	1.0	1.0	1.0	B
152_D	1.0	1.0	1.0	B
152_del	1.0	0.36313762356592727	1.0	B
153_L	1.0	1.0	1.0	B
153_C	1.0	1.0	1.0	B
153_G	1.0	1.0	1.0	B
153_I	1.0	0.718416329771749	1.0	B
153_del	1.0	0.718416329771749	1.0	B
154_R	1.0	1.0	1.0	B
154_E	1.0	1.0	1.0	B
154_del	1.0	0.36313762356592727	1.0	B
155_E	1.0	0.36313762356592727	1.0	B
155_R	1.0	1.0	1.0	B
155_K	1.0	1.0	1.0	B
155_del	1.0	0.36313762356592727	1.0	B
156_T	1.0	1.0	1.0	B
156_L	1.0	1.0	1.0	B
156_P	1.0	1.0	1.0	B
156_D	1.0	1.0	1.0	B
156_H	1.0	1.0	1.0	B
156_I	1.0	1.0	1.0	B
156_del	1.0	0.718416329771749	1.0	B
157_T	1.0	1.0	1.0	B
157_L	1.0	1.0	1.0	B
157_Q	1.0	1.0	1.0	B
157_A	1.0	0.027355195889868886	0.21097708151857697	B
157_S	1.0	0.36313762356592727	1.0	B
157_del	1.0	0.718416329771749	1.0	B
157_R	1.0	0.718416329771749	1.0	B
158_S	1.0	1.0	1.0	B
158_T	1.0	0.718416329771749	1.0	B
158_P	1.0	1.0	1.0	B
158_del	1.0	0.718416329771749	1.0	B
158_Q	1.0	0.718416329771749	1.0	B
158_E	1.0	0.718416329771749	1.0	B
158_C	1.0	0.718416329771749	1.0	B
158_G	1.0	0.718416329771749	1.0	B
159_V	1.0	1.0	1.0	B
159_L	1.0	1.0	1.0	B
159_N	1.0	1.0	1.0	B
159_A	1.0	1.0	1.0	B
159_Y	1.0	1.0	1.0	B
159_T	1.0	1.0	1.0	B
159_R	1.0	0.718416329771749	1.0	B
159_del	1.0	0.718416329771749	1.0	B
160_S	1.0	1.0	1.0	B
160_L	1.0	1.0	1.0	B
160_Y	1.0	1.0	1.0	B
160_del	1.0	0.718416329771749	1.0	B
161_P	1.0	1.0	1.0	B
161_N	1.0	1.0	1.0	B
161_R	1.0	1.0	1.0	B
161_H	1.0	1.0	1.0	B
161_K	1.0	1.0	1.0	B
161_S	1.0	1.0	1.0	B
161_L	1.0	1.0	1.0	B
161_del	1.0	0.36313762356592727	1.0	B
162_C	1.0	1.0	1.0	B
162_F	1.0	1.0	1.0	B
162_Y	1.0	1.0	1.0	B
162_H	1.0	1.0	1.0	B
162_A	1.0	1.0	1.0	B
162_N	1.0	1.0	1.0	B
162_G	1.0	0.08642837083803967	0.666579230988731	B
162_V	1.0	1.0	1.0	B
162_T	1.0	0.718416329771749	1.0	B
162_W	1.0	1.0	1.0	B
162_D	1.7609959805730713e-05	3.0361999665052956e-07	2.341670702776162e-06	B
162_Q	1.0	1.0	1.0	B
162_R	1.0	1.0	1.0	B
162_M	1.0	1.0	1.0	B
162_L	1.0	1.0	1.0	B
162_K	1.0	1.0	1.0	B
162_del	1.0	0.36313762356592727	1.0	B
162_E	1.0	0.03382313431177122	0.2608610880959236	B
162_I	1.0	0.36313762356592727	1.0	B
163_T	1.0	0.30082290154135927	1.0	B
163_A	1.0	1.0	1.0	B
163_C	1.0	0.3010818812336199	1.0	B
163_N	1.0	0.718416329771749	1.0	B
163_Q	1.0	1.0	1.0	B
163_I	1.0	1.0	1.0	B
163_G	1.0	1.0	1.0	B
163_Y	1.0	1.0	1.0	B
163_del	1.0	0.718416329771749	1.0	B
163_V	1.0	1.0	1.0	B
163_M	1.0	0.718416329771749	1.0	B
163_R	1.0	0.718416329771749	1.0	B
164_W	1.0	1.0	1.0	B
164_Y	1.0	1.0	1.0	B
164_I	1.0	1.0	1.0	B
164_L	1.0	0.718416329771749	1.0	B
164_del	1.0	0.718416329771749	1.0	B
164_S	1.0	1.0	1.0	B
164_T	1.0	0.718416329771749	1.0	B
164_R	1.0	0.718416329771749	1.0	B
165_I	1.0	1.0	1.0	B
165_L	0.0008648964925345366	1.3728515754516453e-05	0.00010588124461365604	B
165_V	1.0	1.0	1.0	B
165_D	1.0	1.0	1.0	B
165_R	1.0	1.0	1.0	B
165_A	1.0	0.03382313431177122	0.2608610880959236	B
165_del	1.0	0.718416329771749	1.0	B
165_M	0.8091926751193945	0.009195371308174938	0.0709193459951387	B
165_K	1.0	0.36313762356592727	1.0	B
165_Q	1.0	0.03382313431177122	0.2608610880959236	B
165_P	1.0	0.718416329771749	1.0	B
165_S	1.0	0.718416329771749	1.0	B
166_R	1.0	0.9583841178359319	1.0	B
166_T	1.0	1.0	1.0	B
166_E	1.0	0.718416329771749	1.0	B
166_Q	1.0	0.36313762356592727	1.0	B
166_I	1.0	0.8325486394598504	1.0	B
166_N	1.0	1.0	1.0	B
166_del	1.0	0.718416329771749	1.0	B
166_S	1.0	0.718416329771749	1.0	B
167_V	1.0	0.718416329771749	1.0	B
167_F	1.0	1.0	1.0	B
167_N	1.0	1.0	1.0	B
167_S	1.0	0.5384094072520308	1.0	B
167_M	1.0	1.0	1.0	B
167_T	1.0	1.0	1.0	B
167_del	1.0	0.718416329771749	1.0	B
167_L	1.0	1.0	1.0	B
168_R	1.0	1.0	1.0	B
168_S	1.0	1.0	1.0	B
168_F	1.0	1.0	1.0	B
168_I	1.0	1.0	1.0	B
168_del	1.0	0.718416329771749	1.0	B
169_D	1.0	1.0	1.0	B
169_Q	1.0	1.0	1.0	B
169_A	1.0	1.0	1.0	B
169_K	1.0	0.718416329771749	1.0	B
169_G	1.0	1.0	1.0	B
169_S	1.0	1.0	1.0	B
169_R	1.0	1.0	1.0	B
169_N	1.0	1.0	1.0	B
169_T	1.0	0.718416329771749	1.0	B
169_L	1.0	1.0	1.0	B
169_Y	1.0	1.0	1.0	B
170_S	1.0	1.0	1.0	B
170_A	1.0	1.0	1.0	B
170_H	1.0	1.0	1.0	B
170_L	1.0	1.0	1.0	B
170_T	1.0	0.718416329771749	1.0	B
171_Y	1.0	1.0	1.0	B
171_W	1.0	1.0	1.0	B
171_L	1.0	1.0	1.0	B
171_S	1.0	1.0	1.0	B
171_V	1.0	1.0	1.0	B
172_K	1.0	0.4674906250954597	1.0	B
172_I	1.0	1.0	1.0	B
172_E	1.0	1.0	1.0	B
172_G	1.0	1.0	1.0	B
172_S	1.0	1.0	1.0	B
172_Q	1.0	1.0	1.0	B
172_W	1.0	1.0	1.0	B
173_T	1.0	1.0	1.0	B
173_V	1.0	1.0	1.0	B
173_E	1.0	0.8501931293955435	1.0	B
173_R	1.0	1.0	1.0	B
173_Q	1.0	1.0	1.0	B
173_I	1.0	1.0	1.0	B
173_N	1.0	1.0	1.0	B
173_S	1.0	1.0	1.0	B
173_M	1.0	1.0	1.0	B
173_D	1.0	1.0	1.0	B
173_G	1.0	1.0	1.0	B
173_L	1.0	1.0	1.0	B
173_H	1.0	1.0	1.0	B
174_R	1.0	1.0	1.0	B
174_E	1.0	1.0	1.0	B
174_K	1.0	1.0	1.0	B
174_H	1.0	1.0	1.0	B
174_A	1.0	1.0	1.0	B
174_N	1.0	1.0	1.0	B
174_Y	1.0	1.0	1.0	B
174_L	1.0	0.718416329771749	1.0	B
174_G	1.0	1.0	1.0	B
174_P	1.0	1.0	1.0	B
174_T	1.0	1.0	1.0	B
174_S	1.0	1.0	1.0	B
174_D	1.0	1.0	1.0	B
174_C	1.0	1.0	1.0	B
175_H	1.0	1.0	1.0	B
175_Y	1.0	0.061637621848638385	0.4753804586786942	B
175_S	1.0	1.0	1.0	B
175_K	1.0	1.0	1.0	B
175_T	1.0	0.718416329771749	1.0	B
175_D	1.0	1.0	1.0	B
175_R	1.0	0.718416329771749	1.0	B
176_Q	1.0	0.718416329771749	1.0	B
176_S	1.0	1.0	1.0	B
176_T	1.0	0.718416329771749	1.0	B
176_E	1.0	1.0	1.0	B
176_K	1.0	0.718416329771749	1.0	B
176_A	1.0	1.0	1.0	B
176_L	1.0	1.0	1.0	B
176_R	1.0	1.0	1.0	B
176_del	1.0	1.0	1.0	B
177_G	1.0	1.0	1.0	B
177_N	1.0	0.718416329771749	1.0	B
177_K	1.0	1.0	1.0	B
177_A	1.0	1.0	1.0	B
177_Q	1.0	1.0	1.0	B
177_H	1.0	0.9583841178359319	1.0	B
177_T	1.0	1.0	1.0	B
177_R	1.0	1.0	1.0	B
177_S	1.0	1.0	1.0	B
177_Y	1.0	0.718416329771749	1.0	B
177_V	1.0	0.718416329771749	1.0	B
178_M	1.0	1.0	1.0	B
178_L	1.0	0.21261148405718366	1.0	B
178_V	1.0	1.0	1.0	B
178_F	1.0	1.0	1.0	B
178_T	1.0	1.0	1.0	B
178_S	1.0	1.0	1.0	B
178_K	1.0	1.0	1.0	B
178_G	1.0	0.718416329771749	1.0	B
179_I	1.0	1.0	1.0	B
179_D	1.0	1.0	1.0	B
179_A	1.0	1.0	1.0	B
179_E	1.0	0.3826052688238433	1.0	B
179_C	1.0	1.0	1.0	B
179_L	1.0	0.718416329771749	1.0	B
179_M	1.0	1.0	1.0	B
179_T	1.0	1.0	1.0	B
179_S	1.0	1.0	1.0	B
179_K	1.0	1.0	1.0	B
179_F	1.0	0.11671661669861728	0.9001774746901551	B
179_Q	1.0	1.0	1.0	B
179_G	1.0	1.0	1.0	B
179_N	1.0	0.718416329771749	1.0	B
180_V	1.0	1.0	1.0	B
180_L	1.0	0.8325486394598504	1.0	B
180_M	1.0	1.0	1.0	B
180_S	1.0	1.0	1.0	B
181_C	3.438159402426838e-192	4.2976992530335477e-193	3.31460264185274e-192	B
181_I	0.07837031926305554	0.0010449375901740738	0.008059086252993293	B
181_V	1.0	1.0	1.0	B
181_F	1.0	1.0	1.0	B
182_T	1.0	1.0	1.0	B
182_L	1.0	1.0	1.0	B
182_R	1.0	1.0	1.0	B
182_H	1.0	1.0	1.0	B
182_A	1.0	1.0	1.0	B
183_N	1.0	1.0	1.0	B
184_V	0.0	0.0	0.0	B
184_I	9.250629920300007e-51	4.868752589631583e-52	3.7550278058031065e-51	B
184_T	1.0	0.11671661669861728	0.9001774746901551	B
184_L	1.0	0.5384094072520308	1.0	B
184_G	1.0	0.718416329771749	1.0	B
185_G	1.0	1.0	1.0	B
185_N	1.0	0.718416329771749	1.0	B
185_L	1.0	1.0	1.0	B
185_del	1.0	0.718416329771749	1.0	B
186_E	1.0	1.0	1.0	B
186_G	1.0	1.0	1.0	B
186_N	1.0	0.3329387450470986	1.0	B
186_H	1.0	1.0	1.0	B
186_del	1.0	0.718416329771749	1.0	B
186_Y	1.0	0.718416329771749	1.0	B
186_T	1.0	1.0	1.0	B
187_I	1.0	1.0	1.0	B
187_W	1.0	1.0	1.0	B
187_F	1.0	1.0	1.0	B
187_D	1.0	1.0	1.0	B
187_M	1.0	1.0	1.0	B
187_V	1.0	0.718416329771749	1.0	B
187_C	1.0	0.718416329771749	1.0	B
188_L	3.9367834309571124e-29	1.1929646760476098e-30	9.200745873674886e-30	B
188_H	1.0	0.07187620899943695	0.5543456119404586	B
188_C	0.01795517541396229	0.000256502505913747	0.001978276826009717	B
188_F	1.0	1.0	1.0	B
188_D	1.0	0.718416329771749	1.0	B
188_N	1.0	1.0	1.0	B
188_W	1.0	0.36313762356592727	1.0	B
189_I	1.0	1.0	1.0	B
189_A	1.0	1.0	1.0	B
189_M	1.0	1.0	1.0	B
189_L	1.0	1.0	1.0	B
189_E	1.0	1.0	1.0	B
189_G	1.0	1.0	1.0	B
189_P	1.0	1.0	1.0	B
189_C	1.0	1.0	1.0	B
190_A	9.673369910335095e-119	9.673369910335095e-120	7.460591254211995e-119	B
190_S	2.2015532587283834e-37	8.806213034913533e-39	6.791796091743552e-38	B
190_Q	1.0	0.011247904160298635	0.0867495156128396	B
190_R	1.0	1.0	1.0	B
190_E	0.27356253893813537	0.0033773152955325356	0.026047560664092903	B
190_V	1.0	1.0	1.0	B
190_C	1.0	0.36313762356592727	1.0	B
191_Y	1.0	1.0	1.0	B
191_F	1.0	1.0	1.0	B
191_T	1.0	1.0	1.0	B
191_C	1.0	1.0	1.0	B
192_N	1.0	1.0	1.0	B
192_A	1.0	1.0	1.0	B
192_G	1.0	1.0	1.0	B
192_E	1.0	1.0	1.0	B
192_Y	1.0	1.0	1.0	B
193_F	1.0	1.0	1.0	B
193_M	1.0	0.03702360432348246	0.28554472864732017	B
193_R	1.0	1.0	1.0	B
193_D	1.0	1.0	1.0	B
193_S	1.0	1.0	1.0	B
193_V	1.0	1.0	1.0	B
193_del	1.0	0.718416329771749	1.0	B
194_D	1.0	1.0	1.0	B
194_A	1.0	0.718416329771749	1.0	B
194_Q	1.0	1.0	1.0	B
194_G	1.0	1.0	1.0	B
194_K	1.0	1.0	1.0	B
194_N	1.0	1.0	1.0	B
194_R	1.0	1.0	1.0	B
194_T	1.0	0.718416329771749	1.0	B
194_V	1.0	1.0	1.0	B
194_H	1.0	1.0	1.0	B
194_P	1.0	0.718416329771749	1.0	B
195_L	1.0	1.0	1.0	B
195_M	1.0	0.7724293676624759	1.0	B
195_T	1.0	1.0	1.0	B
195_K	1.0	1.0	1.0	B
195_V	1.0	0.9157880279289587	1.0	B
195_R	1.0	1.0	1.0	B
195_P	1.0	1.0	1.0	B
195_G	1.0	0.718416329771749	1.0	B
196_M	1.0	1.0	1.0	B
196_E	1.0	1.0	1.0	B
196_K	1.0	0.7315019501934392	1.0	B
196_D	1.0	0.7256200145107616	1.0	B
196_V	1.0	1.0	1.0	B
196_R	1.0	0.6666542768328882	1.0	B
196_Q	1.0	1.0	1.0	B
196_N	1.0	1.0	1.0	B
196_T	1.0	1.0	1.0	B
196_A	1.0	0.718416329771749	1.0	B
196_S	1.0	1.0	1.0	B
196_I	1.0	1.0	1.0	B
197_K	1.0	1.0	1.0	B
197_E	1.0	0.47104800789843493	1.0	B
197_P	1.0	0.718416329771749	1.0	B
197_S	1.0	1.0	1.0	B
197_N	1.0	1.0	1.0	B
197_R	1.0	1.0	1.0	B
197_L	1.0	1.0	1.0	B
197_H	1.0	0.262609841143962	1.0	B
197_C	1.0	1.0	1.0	B
197_I	1.0	0.718416329771749	1.0	B
197_D	1.0	0.545701635188757	1.0	B
197_M	1.0	1.0	1.0	B
197_A	1.0	1.0	1.0	B
197_V	1.0	0.718416329771749	1.0	B
198_Y	1.0	1.0	1.0	B
198_Q	1.0	1.0	1.0	B
198_L	1.0	1.0	1.0	B
198_R	1.0	1.0	1.0	B
198_N	1.0	0.718416329771749	1.0	B
199_K	1.0	1.0	1.0	B
199_T	1.0	1.0	1.0	B
199_I	1.0	0.718416329771749	1.0	B
200_E	1.0	1.0	1.0	B
200_I	1.0	1.0	1.0	B
200_S	1.0	1.0	1.0	B
200_L	1.0	1.0	1.0	B
200_R	1.0	1.0	1.0	B
200_V	1.0	1.0	1.0	B
200_K	1.0	0.30082290154135927	1.0	B
200_N	1.0	1.0	1.0	B
200_M	1.0	1.0	1.0	B
200_D	1.0	1.0	1.0	B
200_G	1.0	1.0	1.0	B
200_Q	1.0	1.0	1.0	B
201_R	1.0	1.0	1.0	B
201_I	1.0	0.6306746298396467	1.0	B
201_T	1.0	1.0	1.0	B
201_M	1.0	1.0	1.0	B
201_V	1.0	0.25146266649407983	1.0	B
201_Q	1.0	1.0	1.0	B
201_A	1.0	1.0	1.0	B
201_G	1.0	1.0	1.0	B
201_E	1.0	0.718416329771749	1.0	B
202_V	1.0	1.0	1.0	B
202_T	1.0	0.11671661669861728	0.9001774746901551	B
202_L	1.0	0.718416329771749	1.0	B
202_M	1.0	1.0	1.0	B
202_A	1.0	0.718416329771749	1.0	B
202_K	1.0	1.0	1.0	B
203_D	5.552969835553106e-08	1.133259150112879e-09	8.740266714141379e-09	B
203_K	5.8619042640406795e-50	2.93095213202034e-51	2.2604982591746527e-50	B
203_Q	1.0	1.0	1.0	B
203_G	1.0	0.718416329771749	1.0	B
203_A	1.0	0.8004420790266982	1.0	B
203_V	0.01795517541396229	0.000256502505913747	0.001978276826009717	B
203_R	1.0	1.0	1.0	B
203_T	1.0	0.36313762356592727	1.0	B
203_N	1.0	0.03382313431177122	0.2608610880959236	B
204_Q	0.09322326185472939	0.0012266218665095972	0.009460327119021216	B
204_G	1.0	1.0	1.0	B
204_K	1.0	1.0	1.0	B
204_N	1.0	1.0	1.0	B
204_D	1.0	1.0	1.0	B
204_A	1.0	1.0	1.0	B
204_V	1.0	1.0	1.0	B
204_R	1.0	1.0	1.0	B
204_M	1.0	1.0	1.0	B
204_S	1.0	1.0	1.0	B
204_T	1.0	0.718416329771749	1.0	B
204_H	1.0	1.0	1.0	B
204_I	1.0	0.11671661669861728	0.9001774746901551	B
205_V	1.0	1.0	1.0	B
205_Q	1.0	1.0	1.0	B
205_F	1.0	1.0	1.0	B
205_M	1.0	0.718416329771749	1.0	B
206_Q	1.0	1.0	1.0	B
206_K	1.0	1.0	1.0	B
206_S	1.0	0.718416329771749	1.0	B
207_N	1.0	1.0	1.0	B
207_A	1.0	1.0	1.0	B
207_D	1.0	1.0	1.0	B
207_K	1.0	1.0	1.0	B
207_G	1.0	1.0	1.0	B
207_H	1.0	1.0	1.0	B
207_R	1.0	1.0	1.0	B
207_S	1.0	1.0	1.0	B
207_L	1.0	1.0	1.0	B
207_T	1.0	0.9599892152710062	1.0	B
207_V	1.0	1.0	1.0	B
207_C	1.0	1.0	1.0	B
207_I	1.0	1.0	1.0	B
207_P	1.0	1.0	1.0	B
207_M	1.0	0.36313762356592727	1.0	B
208_Y	7.248114583733641e-49	3.4514831351112573e-50	2.6619580488036183e-49	B
208_F	1.0	0.11671661669861728	0.9001774746901551	B
208_Q	1.0	1.0	1.0	B
208_P	1.0	1.0	1.0	B
208_N	1.0	1.0	1.0	B
208_L	1.0	0.718416329771749	1.0	B
208_I	1.0	0.718416329771749	1.0	B
209_A	1.0	1.0	1.0	B
209_C	1.0	1.0	1.0	B
209_M	1.0	1.0	1.0	B
209_F	1.0	1.0	1.0	B
209_Q	1.0	1.0	1.0	B
209_V	1.0	1.0	1.0	B
209_R	1.0	1.0	1.0	B
209_W	1.0	1.0	1.0	B
210_V	1.0	1.0	1.0	B
210_W	1.3888521329945515e-229	1.984074475706502e-230	1.530218405619558e-229	B
210_F	1.0	0.8684470685492877	1.0	B
210_M	1.0	1.0	1.0	B
210_S	0.23302349824287377	0.0029127937280359222	0.0224649358125865	B
210_E	1.0	1.0	1.0	B
210_Y	1.0	1.0	1.0	B
210_C	1.0	1.0	1.0	B
210_G	1.0	1.0	1.0	B
210_I	1.0	1.0	1.0	B
210_R	1.0	1.0	1.0	B
210_A	1.0	0.718416329771749	1.0	B
210_Q	1.0	0.718416329771749	1.0	B
211_Q	1.0	1.0	1.0	B
211_V	1.0	1.0	1.0	B
211_S	1.0	1.0	1.0	B
211_A	1.0	1.0	1.0	B
211_G	1.0	1.0	1.0	B
211_M	1.0	1.0	1.0	B
211_T	1.0	1.0	1.0	B
211_E	1.0	1.0	1.0	B
211_H	1.0	1.0	1.0	B
211_N	1.0	1.0	1.0	B
211_L	1.0	1.0	1.0	B
211_I	1.0	1.0	1.0	B
211_D	0.01795517541396229	0.000256502505913747	0.001978276826009717	B
212_G	1.0	1.0	1.0	B
212_L	1.0	1.0	1.0	B
212_M	1.0	1.0	1.0	B
212_C	1.0	0.36313762356592727	1.0	B
213_D	1.0	1.0	1.0	B
213_E	1.0	1.0	1.0	B
213_R	1.0	1.0	1.0	B
213_K	1.0	1.0	1.0	B
213_A	1.0	0.718416329771749	1.0	B
214_L	1.0	1.0	1.0	B
214_Y	1.0	1.0	1.0	B
214_V	1.0	1.0	1.0	B
214_I	1.0	1.0	1.0	B
214_S	1.0	1.0	1.0	B
214_C	1.0	1.0	1.0	B
215_S	1.0	1.0	1.0	B
215_D	1.0	1.0	1.0	B
215_C	1.0	0.04602391297237539	0.35495965293280435	B
215_Y	0.0	0.0	0.0	B
215_E	1.0	1.0	1.0	B
215_L	1.0	1.0	1.0	B
215_V	1.0	1.0	1.0	B
215_F	6.340256806481609e-133	7.044729784979566e-134	5.43325127740149e-133	B
215_I	4.353346148774782e-11	9.674102552832847e-13	7.461156305095178e-12	B
215_A	1.0	1.0	1.0	B
215_H	1.0	1.0	1.0	B
215_N	1.0	0.8325486394598504	1.0	B
215_P	1.0	1.0	1.0	B
216_S	1.0	1.0	1.0	B
216_P	1.0	0.8325486394598504	1.0	B
216_R	1.0	1.0	1.0	B
216_H	1.0	0.718416329771749	1.0	B
216_A	1.0	0.718416329771749	1.0	B
217_T	1.0	0.36313762356592727	1.0	B
217_Q	1.0	0.718416329771749	1.0	B
218_E	6.86940089132843e-48	3.1224549506038316e-49	2.4081949012677543e-48	B
218_N	1.0	1.0	1.0	B
218_H	1.0	1.0	1.0	B
218_A	1.0	0.36313762356592727	1.0	B
219_S	1.0	1.0	1.0	B
219_N	5.5958018402351144e-05	9.326336400391858e-07	7.192941490665288e-06	B
219_Q	2.2629215677255707e-91	1.8857679731046425e-92	1.4543994676132688e-91	B
219_R	2.5409457800402926e-15	5.774876772818847e-17	4.453876523362664e-16	B
219_E	5.6526774860080515e-73	4.037626775720037e-74	3.114021617071148e-73	B
219_T	1.0	0.36313762356592727	1.0	B
219_H	3.585190012300471e-05	6.076593241187239e-07	4.6865754965256765e-06	B
219_D	1.0	0.11671661669861728	0.9001774746901551	B
219_A	1.0	1.0	1.0	B
219_W	1.0	0.03382313431177122	0.2608610880959236	B
219_G	1.0	0.11671661669861728	0.9001774746901551	B
220_E	1.0	1.0	1.0	B
220_T	1.0	0.718416329771749	1.0	B
220_N	1.0	0.718416329771749	1.0	B
220_R	1.0	0.718416329771749	1.0	B
221_Y	1.500888213319115e-38	6.253700888829646e-40	4.823169856020115e-39	B
221_K	1.0	1.0	1.0	B
221_C	1.0	0.718416329771749	1.0	B
221_F	1.0	1.0	1.0	B
221_L	1.0	0.718416329771749	1.0	B
221_R	1.0	1.0	1.0	B
221_P	1.0	1.0	1.0	B
221_I	1.0	0.718416329771749	1.0	B
221_N	1.0	1.0	1.0	B
222_K	1.0	1.0	1.0	B
222_H	1.0	0.718416329771749	1.0	B
222_R	1.0	1.0	1.0	B
222_A	1.0	1.0	1.0	B
222_E	1.0	1.0	1.0	B
223_R	1.0	1.0	1.0	B
223_T	1.0	0.8896105929638427	1.0	B
223_Q	1.0	0.05174890768235738	0.39911370251387945	B
223_A	1.0	0.25146266649407983	1.0	B
223_I	1.0	1.0	1.0	B
223_E	5.732394061923345e-10	1.246172622157249e-11	9.611112417164597e-11	B
223_D	1.0	0.718416329771749	1.0	B
224_D	1.0	1.0	1.0	B
224_A	1.0	1.0	1.0	B
224_Q	1.0	1.0	1.0	B
224_K	1.0	1.0	1.0	B
224_G	1.0	1.0	1.0	B
224_N	1.0	1.0	1.0	B
224_V	1.0	1.0	1.0	B
224_T	1.0	0.718416329771749	1.0	B
225_H	4.580576554951413e-31	1.4776053403069074e-32	1.13960383829556e-31	B
225_A	1.0	0.9583841178359319	1.0	B
225_S	1.0	1.0	1.0	B
225_T	1.0	1.0	1.0	B
225_L	1.0	0.11671661669861728	0.9001774746901551	B
225_Y	1.0	0.718416329771749	1.0	B
226_T	1.0	1.0	1.0	B
226_Q	1.0	1.0	1.0	B
226_S	1.0	1.0	1.0	B
226_R	1.0	1.0	1.0	B
227_Y	1.0	1.0	1.0	B
227_L	1.1022281587041676e-23	3.0617448852893544e-25	2.3613722338285706e-24	B
227_S	1.0	1.0	1.0	B
227_V	1.0	1.0	1.0	B
227_C	0.8091926751193945	0.009195371308174938	0.0709193459951387	B
227_W	1.0	1.0	1.0	B
228_H	1.1274903895069291e-47	4.902132128290996e-49	3.78077179124979e-48	B
228_Q	1.0	1.0	1.0	B
228_M	1.0	1.0	1.0	B
228_R	2.8942227468173473e-61	1.808889216760842e-62	1.3951066893436757e-61	B
228_F	1.0	1.0	1.0	B
228_P	1.0	1.0	1.0	B
228_V	1.0	1.0	1.0	B
228_I	1.0	1.0	1.0	B
228_N	1.0	0.36313762356592727	1.0	B
228_S	1.0	1.0	1.0	B
228_C	1.0	1.0	1.0	B
228_K	1.0	0.36313762356592727	1.0	B
229_G	1.0	1.0	1.0	B
229_R	1.0	0.36313762356592727	1.0	B
229_C	1.0	1.0	1.0	B
230_L	8.575753992457635e-07	1.6491834600880067e-08	1.2719335467341227e-07	B
230_I	1.0	0.027355195889868886	0.21097708151857697	B
230_W	1.0	1.0	1.0	B
230_K	1.0	1.0	1.0	B
231_E	1.0	1.0	1.0	B
231_A	1.0	1.0	1.0	B
231_R	1.0	1.0	1.0	B
231_V	1.0	0.718416329771749	1.0	B
231_S	1.0	0.718416329771749	1.0	B
232_L	1.0	1.0	1.0	B
232_F	1.0	1.0	1.0	B
232_H	1.0	0.11671661669861728	0.9001774746901551	B
232_I	1.0	1.0	1.0	B
232_del	1.0	1.0	1.0	B
232_N	1.0	0.718416329771749	1.0	B
232_C	1.0	0.718416329771749	1.0	B
233_D	1.0	1.0	1.0	B
233_G	1.0	1.0	1.0	B
233_Q	1.0	1.0	1.0	B
233_K	1.0	0.11671661669861728	0.9001774746901551	B
234_P	1.0	1.0	1.0	B
234_T	1.0	1.0	1.0	B
234_I	0.8091926751193945	0.009195371308174938	0.0709193459951387	B
235_R	1.0	1.0	1.0	B
235_N	1.0	1.0	1.0	B
235_L	1.0	1.0	1.0	B
